ts,red,ir,green
1675891548047839,0.0,0.0,0.0
1675891548059839,0.0,0.0,0.0
1675891548071839,0.0,0.0,0.0
1675891548086839,5874.0,57910.0,684.0
1675891548098839,5874.0,57910.0,684.0
1675891548110839,5874.0,57910.0,684.0
1675891548126839,5895.0,57868.0,662.0
1675891548138839,5895.0,57868.0,662.0
1675891548150839,5895.0,57868.0,662.0
1675891548166839,5878.0,57890.0,691.0
1675891548178840,5878.0,57890.0,691.0
1675891548190840,5878.0,57890.0,691.0
1675891548206840,5906.0,57876.0,690.0
1675891548217840,5906.0,57876.0,690.0
1675891548229840,5906.0,57876.0,690.0
1675891548246840,5911.0,57906.0,713.0
1675891548258840,5911.0,57906.0,713.0
1675891548270840,5911.0,57906.0,713.0
1675891548286839,5883.0,57900.0,670.0
1675891548298839,5883.0,57900.0,670.0
1675891548310839,5883.0,57900.0,670.0
1675891548326839,5901.0,57913.0,697.0
1675891548338839,5901.0,57913.0,697.0
1675891548350839,5901.0,57913.0,697.0
1675891548366839,5931.0,57873.0,681.0
1675891548378839,5931.0,57873.0,681.0
1675891548390839,5931.0,57873.0,681.0
1675891548406839,5909.0,57901.0,684.0
1675891548418839,5909.0,57901.0,684.0
1675891548430839,5909.0,57901.0,684.0
1675891548446839,5875.0,57924.0,679.0
1675891548458840,5875.0,57924.0,679.0
1675891548470840,5875.0,57924.0,679.0
1675891548486840,5939.0,57891.0,681.0
1675891548498840,5939.0,57891.0,681.0
1675891548509840,5939.0,57891.0,681.0
1675891548526839,5934.0,57879.0,687.0
1675891548538839,5934.0,57879.0,687.0
1675891548550839,5934.0,57879.0,687.0
1675891548566839,5946.0,57891.0,720.0
1675891548578839,5946.0,57891.0,720.0
1675891548590839,5946.0,57891.0,720.0
1675891548606839,5894.0,57910.0,691.0
1675891548618839,5894.0,57910.0,691.0
1675891548630839,5894.0,57910.0,691.0
1675891548646839,5892.0,57901.0,664.0
1675891548658839,5892.0,57901.0,664.0
1675891548670839,5892.0,57901.0,664.0
1675891548686839,5904.0,57888.0,664.0
1675891548698840,5904.0,57888.0,664.0
1675891548710840,5904.0,57888.0,664.0
1675891548726840,5908.0,57907.0,709.0
1675891548738840,5908.0,57907.0,709.0
1675891548750840,5908.0,57907.0,709.0
1675891548766839,5899.0,57879.0,696.0
1675891548778839,5899.0,57879.0,696.0
1675891548790839,5899.0,57879.0,696.0
1675891548806839,5911.0,57915.0,689.0
1675891548818839,5911.0,57915.0,689.0
1675891548830839,5911.0,57915.0,689.0
1675891548846839,5915.0,57895.0,681.0
1675891548858839,5915.0,57895.0,681.0
1675891548870839,5915.0,57895.0,681.0
1675891548886839,5905.0,57925.0,697.0
1675891548898839,5905.0,57925.0,697.0
1675891548910839,5905.0,57925.0,697.0
1675891548926839,5874.0,57909.0,658.0
1675891548938840,5874.0,57909.0,658.0
1675891548950840,5874.0,57909.0,658.0
1675891548966840,5912.0,57878.0,673.0
1675891548978840,5912.0,57878.0,673.0
1675891548990840,5912.0,57878.0,673.0
1675891549006839,5893.0,57883.0,665.0
1675891549018839,5893.0,57883.0,665.0
1675891549030839,5893.0,57883.0,665.0
1675891549046839,5903.0,57867.0,672.0
1675891549058839,5903.0,57867.0,672.0
1675891549070839,5903.0,57867.0,672.0
1675891549086839,5899.0,57896.0,675.0
1675891549098839,5899.0,57896.0,675.0
1675891549110839,5899.0,57896.0,675.0
1675891549126839,5898.0,57886.0,674.0
1675891549138839,5898.0,57886.0,674.0
1675891549150839,5898.0,57886.0,674.0
1675891549166839,5905.0,57892.0,681.0
1675891549178840,5905.0,57892.0,681.0
1675891549190840,5905.0,57892.0,681.0
1675891549206840,5890.0,57891.0,679.0
1675891549217840,5890.0,57891.0,679.0
1675891549229840,5890.0,57891.0,679.0
1675891549246839,5899.0,57884.0,669.0
1675891549258839,5899.0,57884.0,669.0
1675891549270839,5899.0,57884.0,669.0
1675891549286839,5913.0,57893.0,675.0
1675891549298839,5913.0,57893.0,675.0
1675891549310839,5913.0,57893.0,675.0
1675891549326839,5910.0,57906.0,694.0
1675891549338839,5910.0,57906.0,694.0
1675891549350839,5910.0,57906.0,694.0
1675891549366839,5919.0,57866.0,688.0
1675891549378839,5919.0,57866.0,688.0
1675891549390839,5919.0,57866.0,688.0
1675891549406839,5908.0,57867.0,672.0
1675891549418840,5908.0,57867.0,672.0
1675891549430840,5908.0,57867.0,672.0
1675891549446840,5901.0,57903.0,687.0
1675891549458840,5901.0,57903.0,687.0
1675891549470840,5901.0,57903.0,687.0
1675891549486839,5887.0,57880.0,685.0
1675891549498839,5887.0,57880.0,685.0
1675891549509839,5887.0,57880.0,685.0
1675891549526839,5922.0,57913.0,669.0
1675891549538839,5922.0,57913.0,669.0
1675891549550839,5922.0,57913.0,669.0
1675891549566839,5881.0,57890.0,704.0
1675891549578839,5881.0,57890.0,704.0
1675891549590839,5881.0,57890.0,704.0
1675891549606839,5888.0,57887.0,669.0
1675891549618839,5888.0,57887.0,669.0
1675891549630839,5888.0,57887.0,669.0
1675891549646839,5920.0,57882.0,702.0
1675891549658839,5920.0,57882.0,702.0
1675891549670839,5920.0,57882.0,702.0
1675891549686839,5884.0,57861.0,676.0
1675891549698840,5884.0,57861.0,676.0
1675891549710840,5884.0,57861.0,676.0
1675891549726839,5898.0,57868.0,664.0
1675891549738839,5898.0,57868.0,664.0
1675891549750839,5898.0,57868.0,664.0
1675891549766839,5905.0,57888.0,670.0
1675891549778839,5905.0,57888.0,670.0
1675891549790839,5905.0,57888.0,670.0
1675891549805839,5904.0,57853.0,695.0
1675891549817839,5904.0,57853.0,695.0
1675891549829839,5904.0,57853.0,695.0
1675891549846839,5904.0,57913.0,672.0
1675891549858839,5904.0,57913.0,672.0
1675891549870839,5904.0,57913.0,672.0
1675891549885840,5890.0,57886.0,688.0
1675891549897840,5890.0,57886.0,688.0
1675891549909840,5890.0,57886.0,688.0
1675891549925840,5902.0,57914.0,701.0
1675891549937840,5902.0,57914.0,701.0
1675891549949840,5902.0,57914.0,701.0
1675891549966839,5889.0,57918.0,703.0
1675891549978839,5889.0,57918.0,703.0
1675891549990839,5889.0,57918.0,703.0
1675891550006839,5911.0,57900.0,666.0
1675891550018839,5911.0,57900.0,666.0
1675891550030839,5911.0,57900.0,666.0
1675891550046839,5911.0,57921.0,675.0
1675891550058839,5911.0,57921.0,675.0
1675891550070839,5911.0,57921.0,675.0
1675891550086839,5891.0,57917.0,722.0
1675891550098839,5891.0,57917.0,722.0
1675891550110839,5891.0,57917.0,722.0
1675891550126840,5895.0,57878.0,668.0
1675891550138840,5895.0,57878.0,668.0
1675891550150840,5895.0,57878.0,668.0
1675891550166840,5900.0,57893.0,699.0
1675891550178840,5900.0,57893.0,699.0
1675891550190840,5900.0,57893.0,699.0
1675891550206839,5916.0,57890.0,681.0
1675891550217839,5916.0,57890.0,681.0
1675891550229839,5916.0,57890.0,681.0
1675891550246839,5912.0,57936.0,713.0
1675891550258839,5912.0,57936.0,713.0
1675891550270839,5912.0,57936.0,713.0
1675891550286839,5884.0,57922.0,674.0
1675891550298839,5884.0,57922.0,674.0
1675891550310839,5884.0,57922.0,674.0
1675891550326839,5926.0,57957.0,691.0
1675891550338839,5926.0,57957.0,691.0
1675891550350839,5926.0,57957.0,691.0
1675891550366839,5895.0,57901.0,686.0
1675891550378839,5895.0,57901.0,686.0
1675891550390839,5895.0,57901.0,686.0
1675891550406839,5870.0,57906.0,699.0
1675891550418840,5870.0,57906.0,699.0
1675891550430840,5870.0,57906.0,699.0
1675891550446839,5905.0,57889.0,694.0
1675891550458839,5905.0,57889.0,694.0
1675891550470839,5905.0,57889.0,694.0
1675891550486839,5902.0,57925.0,669.0
1675891550498839,5902.0,57925.0,669.0
1675891550509839,5902.0,57925.0,669.0
1675891550526839,5889.0,57901.0,686.0
1675891550538839,5889.0,57901.0,686.0
1675891550550839,5889.0,57901.0,686.0
1675891550566839,5898.0,57865.0,693.0
1675891550578839,5898.0,57865.0,693.0
1675891550590839,5898.0,57865.0,693.0
1675891550606839,5912.0,57881.0,690.0
1675891550618839,5912.0,57881.0,690.0
1675891550630839,5912.0,57881.0,690.0
1675891550645840,5896.0,57884.0,698.0
1675891550657840,5896.0,57884.0,698.0
1675891550669840,5896.0,57884.0,698.0
1675891550686839,5915.0,57887.0,700.0
1675891550698839,5915.0,57887.0,700.0
1675891550710839,5915.0,57887.0,700.0
1675891550726839,5908.0,57893.0,670.0
1675891550738839,5908.0,57893.0,670.0
1675891550750839,5908.0,57893.0,670.0
1675891550765839,5886.0,57919.0,683.0
1675891550777839,5886.0,57919.0,683.0
1675891550789839,5886.0,57919.0,683.0
1675891550806839,5902.0,57893.0,702.0
1675891550818839,5902.0,57893.0,702.0
1675891550830839,5902.0,57893.0,702.0
1675891550845840,5867.0,57876.0,697.0
1675891550857840,5867.0,57876.0,697.0
1675891550869840,5867.0,57876.0,697.0
1675891550885840,5883.0,57909.0,681.0
1675891550897840,5883.0,57909.0,681.0
1675891550909840,5883.0,57909.0,681.0
1675891550925839,5892.0,57905.0,686.0
1675891550937839,5892.0,57905.0,686.0
1675891550949839,5892.0,57905.0,686.0
1675891550966839,5903.0,57920.0,683.0
1675891550978839,5903.0,57920.0,683.0
1675891550990839,5903.0,57920.0,683.0
1675891551006839,5884.0,57894.0,697.0
1675891551018839,5884.0,57894.0,697.0
1675891551030839,5884.0,57894.0,697.0
1675891551046839,5908.0,57879.0,693.0
1675891551058839,5908.0,57879.0,693.0
1675891551070839,5908.0,57879.0,693.0
1675891551086839,5894.0,57893.0,692.0
1675891551098839,5894.0,57893.0,692.0
1675891551110839,5894.0,57893.0,692.0
1675891551126840,5918.0,57917.0,691.0
1675891551138840,5918.0,57917.0,691.0
1675891551150840,5918.0,57917.0,691.0
1675891551166839,5889.0,57921.0,685.0
1675891551178839,5889.0,57921.0,685.0
1675891551190839,5889.0,57921.0,685.0
1675891551206839,5899.0,57932.0,671.0
1675891551217839,5899.0,57932.0,671.0
1675891551229839,5899.0,57932.0,671.0
1675891551246839,5890.0,57911.0,666.0
1675891551258839,5890.0,57911.0,666.0
1675891551270839,5890.0,57911.0,666.0
1675891551286839,5887.0,57881.0,685.0
1675891551298839,5887.0,57881.0,685.0
1675891551310839,5887.0,57881.0,685.0
1675891551326839,5876.0,57915.0,674.0
1675891551338839,5876.0,57915.0,674.0
1675891551350839,5876.0,57915.0,674.0
1675891551366840,5878.0,57908.0,670.0
1675891551378840,5878.0,57908.0,670.0
1675891551390840,5878.0,57908.0,670.0
1675891551406839,5912.0,57897.0,682.0
1675891551418839,5912.0,57897.0,682.0
1675891551430839,5912.0,57897.0,682.0
1675891551446839,5905.0,57880.0,704.0
1675891551458839,5905.0,57880.0,704.0
1675891551470839,5905.0,57880.0,704.0
1675891551486839,5917.0,57874.0,681.0
1675891551498839,5917.0,57874.0,681.0
1675891551509839,5917.0,57874.0,681.0
1675891551526839,5894.0,57887.0,681.0
1675891551538839,5894.0,57887.0,681.0
1675891551550839,5894.0,57887.0,681.0
1675891551566839,5897.0,57901.0,696.0
1675891551578839,5897.0,57901.0,696.0
1675891551590839,5897.0,57901.0,696.0
1675891551605840,5899.0,57892.0,694.0
1675891551617840,5899.0,57892.0,694.0
1675891551629840,5899.0,57892.0,694.0
1675891551646839,5909.0,57912.0,678.0
1675891551658839,5909.0,57912.0,678.0
1675891551670839,5909.0,57912.0,678.0
1675891551685839,5883.0,57855.0,683.0
1675891551697839,5883.0,57855.0,683.0
1675891551709839,5883.0,57855.0,683.0
1675891551725839,5897.0,57947.0,689.0
1675891551737839,5897.0,57947.0,689.0
1675891551749839,5897.0,57947.0,689.0
1675891551765839,5894.0,57923.0,668.0
1675891551777840,5894.0,57923.0,668.0
1675891551789840,5894.0,57923.0,668.0
1675891551805840,5897.0,57890.0,704.0
1675891551817840,5897.0,57890.0,704.0
1675891551829840,5897.0,57890.0,704.0
1675891551845840,5902.0,57869.0,692.0
1675891551857840,5902.0,57869.0,692.0
1675891551869840,5902.0,57869.0,692.0
1675891551885839,5915.0,57934.0,683.0
1675891551897839,5915.0,57934.0,683.0
1675891551909839,5915.0,57934.0,683.0
1675891551925839,5921.0,57924.0,690.0
1675891551937839,5921.0,57924.0,690.0
1675891551949839,5921.0,57924.0,690.0
1675891551966839,5906.0,57888.0,671.0
1675891551978839,5906.0,57888.0,671.0
1675891551990839,5906.0,57888.0,671.0
1675891552006839,5892.0,57866.0,684.0
1675891552018839,5892.0,57866.0,684.0
1675891552030839,5892.0,57866.0,684.0
1675891552046839,5891.0,57900.0,680.0
1675891552058839,5891.0,57900.0,680.0
1675891552070840,5891.0,57900.0,680.0
1675891552086840,5910.0,57892.0,695.0
1675891552098840,5910.0,57892.0,695.0
1675891552110840,5910.0,57892.0,695.0
1675891552126839,5896.0,57897.0,688.0
1675891552138839,5896.0,57897.0,688.0
1675891552150839,5896.0,57897.0,688.0
1675891552166839,5890.0,57872.0,693.0
1675891552178839,5890.0,57872.0,693.0
1675891552190839,5890.0,57872.0,693.0
1675891552206839,5902.0,57881.0,679.0
1675891552217839,5902.0,57881.0,679.0
1675891552229839,5902.0,57881.0,679.0
1675891552246839,5897.0,57901.0,674.0
1675891552258839,5897.0,57901.0,674.0
1675891552270839,5897.0,57901.0,674.0
1675891552286839,5885.0,57905.0,683.0
1675891552298839,5885.0,57905.0,683.0
1675891552310840,5885.0,57905.0,683.0
1675891552326840,5892.0,57907.0,690.0
1675891552338840,5892.0,57907.0,690.0
1675891552350840,5892.0,57907.0,690.0
1675891552366839,5901.0,57872.0,688.0
1675891552378839,5901.0,57872.0,688.0
1675891552390839,5901.0,57872.0,688.0
1675891552406839,5910.0,57868.0,660.0
1675891552418839,5910.0,57868.0,660.0
1675891552430839,5910.0,57868.0,660.0
1675891552446839,5897.0,57886.0,700.0
1675891552458839,5897.0,57886.0,700.0
1675891552470839,5897.0,57886.0,700.0
1675891552486839,5897.0,57907.0,680.0
1675891552498839,5897.0,57907.0,680.0
1675891552509839,5897.0,57907.0,680.0
1675891552526839,5881.0,57901.0,697.0
1675891552538839,5881.0,57901.0,697.0
1675891552550839,5881.0,57901.0,697.0
1675891552565839,5904.0,57869.0,679.0
1675891552577839,5904.0,57869.0,679.0
1675891552589840,5904.0,57869.0,679.0
1675891552605839,5902.0,57932.0,668.0
1675891552617839,5902.0,57932.0,668.0
1675891552629839,5902.0,57932.0,668.0
1675891552645839,5922.0,57823.0,666.0
1675891552657839,5922.0,57823.0,666.0
1675891552669839,5922.0,57823.0,666.0
1675891552685839,5871.0,57884.0,669.0
1675891552697839,5871.0,57884.0,669.0
1675891552709839,5871.0,57884.0,669.0
1675891552725839,5920.0,57912.0,676.0
1675891552737839,5920.0,57912.0,676.0
1675891552749839,5920.0,57912.0,676.0
1675891552765839,5887.0,57879.0,700.0
1675891552777840,5887.0,57879.0,700.0
1675891552789840,5887.0,57879.0,700.0
1675891552805840,5874.0,57861.0,694.0
1675891552817840,5874.0,57861.0,694.0
1675891552829840,5874.0,57861.0,694.0
1675891552845839,5883.0,57857.0,672.0
1675891552857839,5883.0,57857.0,672.0
1675891552869839,5883.0,57857.0,672.0
1675891552885839,5900.0,57897.0,668.0
1675891552897839,5900.0,57897.0,668.0
1675891552909839,5900.0,57897.0,668.0
1675891552925839,5908.0,57870.0,693.0
1675891552937839,5908.0,57870.0,693.0
1675891552949839,5908.0,57870.0,693.0
1675891552966839,5918.0,57880.0,678.0
1675891552978839,5918.0,57880.0,678.0
1675891552990839,5918.0,57880.0,678.0
1675891553006839,5890.0,57858.0,693.0
1675891553018839,5890.0,57858.0,693.0
1675891553030840,5890.0,57858.0,693.0
1675891553046840,5871.0,57874.0,695.0
1675891553058840,5871.0,57874.0,695.0
1675891553070840,5871.0,57874.0,695.0
1675891553086839,5907.0,57868.0,659.0
1675891553098839,5907.0,57868.0,659.0
1675891553110839,5907.0,57868.0,659.0
1675891553126839,5895.0,57889.0,716.0
1675891553138839,5895.0,57889.0,716.0
1675891553150839,5895.0,57889.0,716.0
1675891553166839,5886.0,57913.0,684.0
1675891553178839,5886.0,57913.0,684.0
1675891553190839,5886.0,57913.0,684.0
1675891553206839,5859.0,57950.0,712.0
1675891553217839,5859.0,57950.0,712.0
1675891553229839,5859.0,57950.0,712.0
1675891553246839,5894.0,58436.0,697.0
1675891553258839,5894.0,58436.0,697.0
1675891553270839,5894.0,58436.0,697.0
1675891553286839,13080.0,78269.0,2314.0
1675891553298839,13080.0,78269.0,2314.0
1675891553310840,13080.0,78269.0,2314.0
1675891553326839,90244.0,139352.0,16589.0
1675891553338839,90244.0,139352.0,16589.0
1675891553350839,90244.0,139352.0,16589.0
1675891553366839,155776.0,204903.0,15959.0
1675891553378839,155776.0,204903.0,15959.0
1675891553390839,155776.0,204903.0,15959.0
1675891553406839,221282.0,262143.0,11271.0
1675891553418839,221282.0,262143.0,11271.0
1675891553430839,221282.0,262143.0,11271.0
1675891553445839,252852.0,262143.0,12754.0
1675891553457839,252852.0,262143.0,12754.0
1675891553468839,252852.0,262143.0,12754.0
1675891553486839,210834.0,211435.0,10907.0
1675891553498839,210834.0,211435.0,10907.0
1675891553509839,210834.0,211435.0,10907.0
1675891553525839,160740.0,182819.0,8240.0
1675891553537839,160740.0,182819.0,8240.0
1675891553549839,160740.0,182819.0,8240.0
1675891553565839,164875.0,203703.0,9161.0
1675891553577839,164875.0,203703.0,9161.0
1675891553589839,164875.0,203703.0,9161.0
1675891553605839,142818.0,184224.0,8391.0
1675891553617839,142818.0,184224.0,8391.0
1675891553629839,142818.0,184224.0,8391.0
1675891553645839,69707.0,101164.0,4674.0
1675891553657839,69707.0,101164.0,4674.0
1675891553669839,69707.0,101164.0,4674.0
1675891553685839,38267.0,59779.0,2820.0
1675891553697839,38267.0,59779.0,2820.0
1675891553709839,38267.0,59779.0,2820.0
1675891553725839,24509.0,41124.0,1929.0
1675891553737840,24509.0,41124.0,1929.0
1675891553749840,24509.0,41124.0,1929.0
1675891553765840,20181.0,34777.0,1660.0
1675891553777840,20181.0,34777.0,1660.0
1675891553789840,20181.0,34777.0,1660.0
1675891553805839,18624.0,32660.0,1501.0
1675891553817839,18624.0,32660.0,1501.0
1675891553829839,18624.0,32660.0,1501.0
1675891553845839,19129.0,33303.0,1562.0
1675891553857839,19129.0,33303.0,1562.0
1675891553869839,19129.0,33303.0,1562.0
1675891553885839,20068.0,34718.0,1608.0
1675891553897839,20068.0,34718.0,1608.0
1675891553909839,20068.0,34718.0,1608.0
1675891553925839,26645.0,44141.0,2018.0
1675891553937839,26645.0,44141.0,2018.0
1675891553949839,26645.0,44141.0,2018.0
1675891553966839,38963.0,58475.0,2648.0
1675891553978839,38963.0,58475.0,2648.0
1675891553990840,38963.0,58475.0,2648.0
1675891554006840,35258.0,51169.0,2317.0
1675891554018840,35258.0,51169.0,2317.0
1675891554030840,35258.0,51169.0,2317.0
1675891554046839,45517.0,63013.0,2818.0
1675891554058839,45517.0,63013.0,2818.0
1675891554070839,45517.0,63013.0,2818.0
1675891554086839,80603.0,105226.0,4890.0
1675891554098839,80603.0,105226.0,4890.0
1675891554110839,80603.0,105226.0,4890.0
1675891554126839,77892.0,101016.0,4657.0
1675891554138839,77892.0,101016.0,4657.0
1675891554150839,77892.0,101016.0,4657.0
1675891554166839,71610.0,93423.0,4259.0
1675891554178839,71610.0,93423.0,4259.0
1675891554190839,71610.0,93423.0,4259.0
1675891554206839,68702.0,90221.0,4090.0
1675891554217839,68702.0,90221.0,4090.0
1675891554229839,68702.0,90221.0,4090.0
1675891554246839,66992.0,88487.0,3981.0
1675891554258839,66992.0,88487.0,3981.0
1675891554270840,66992.0,88487.0,3981.0
1675891554286839,64880.0,85705.0,3837.0
1675891554298839,64880.0,85705.0,3837.0
1675891554310839,64880.0,85705.0,3837.0
1675891554325839,62461.0,82406.0,3689.0
1675891554337839,62461.0,82406.0,3689.0
1675891554349839,62461.0,82406.0,3689.0
1675891554365839,63120.0,83175.0,3732.0
1675891554377839,63120.0,83175.0,3732.0
1675891554389839,63120.0,83175.0,3732.0
1675891554405839,70015.0,91777.0,4125.0
1675891554417839,70015.0,91777.0,4125.0
1675891554429839,70015.0,91777.0,4125.0
1675891554445840,84975.0,110066.0,4982.0
1675891554457840,84975.0,110066.0,4982.0
1675891554468840,84975.0,110066.0,4982.0
1675891554485839,96448.0,124033.0,5604.0
1675891554497840,96448.0,124033.0,5604.0
1675891554508839,96448.0,124033.0,5604.0
1675891554525839,110638.0,140543.0,6335.0
1675891554537839,110638.0,140543.0,6335.0
1675891554549839,110638.0,140543.0,6335.0
1675891554565839,139388.0,172141.0,8081.0
1675891554577839,139388.0,172141.0,8081.0
1675891554589839,139388.0,172141.0,8081.0
1675891554605839,202050.0,237714.0,11322.0
1675891554617839,202050.0,237714.0,11322.0
1675891554629839,202050.0,237714.0,11322.0
1675891554645839,262143.0,262143.0,15200.0
1675891554657839,262143.0,262143.0,15200.0
1675891554669839,262143.0,262143.0,15200.0
1675891554685840,262143.0,262143.0,15474.0
1675891554697840,262143.0,262143.0,15474.0
1675891554709840,262143.0,262143.0,15474.0
1675891554725840,245760.0,256436.0,12624.0
1675891554737840,245760.0,256436.0,12624.0
1675891554749840,245760.0,256436.0,12624.0
1675891554765839,159401.0,193612.0,10813.0
1675891554777839,159401.0,193612.0,10813.0
1675891554789839,159401.0,193612.0,10813.0
1675891554805839,185179.0,244418.0,14762.0
1675891554817839,185179.0,244418.0,14762.0
1675891554829839,185179.0,244418.0,14762.0
1675891554845839,169086.0,228462.0,13601.0
1675891554857839,169086.0,228462.0,13601.0
1675891554869839,169086.0,228462.0,13601.0
1675891554885839,161819.0,219779.0,12817.0
1675891554897839,161819.0,219779.0,12817.0
1675891554909839,161819.0,219779.0,12817.0
1675891554925840,183673.0,246592.0,14172.0
1675891554937840,183673.0,246592.0,14172.0
1675891554949840,183673.0,246592.0,14172.0
1675891554966840,254076.0,262143.0,19154.0
1675891554978840,254076.0,262143.0,19154.0
1675891554990840,254076.0,262143.0,19154.0
1675891555006839,262143.0,262143.0,19001.0
1675891555018839,262143.0,262143.0,19001.0
1675891555030839,262143.0,262143.0,19001.0
1675891555046839,246806.0,262143.0,17764.0
1675891555058839,246806.0,262143.0,17764.0
1675891555070839,246806.0,262143.0,17764.0
1675891555086839,257488.0,262143.0,18350.0
1675891555098839,257488.0,262143.0,18350.0
1675891555110839,257488.0,262143.0,18350.0
1675891555126839,235321.0,262143.0,17019.0
1675891555138839,235321.0,262143.0,17019.0
1675891555150839,235321.0,262143.0,17019.0
1675891555166839,223685.0,262143.0,16378.0
1675891555178840,223685.0,262143.0,16378.0
1675891555190840,223685.0,262143.0,16378.0
1675891555205840,231906.0,262143.0,16867.0
1675891555217840,231906.0,262143.0,16867.0
1675891555229840,231906.0,262143.0,16867.0
1675891555245839,220619.0,262143.0,15974.0
1675891555257839,220619.0,262143.0,15974.0
1675891555269839,220619.0,262143.0,15974.0
1675891555285839,131072.0,180224.0,8927.0
1675891555297839,131072.0,180224.0,8927.0
1675891555309839,131072.0,180224.0,8927.0
1675891555325839,27912.0,38076.0,1760.0
1675891555337839,27912.0,38076.0,1760.0
1675891555349839,27912.0,38076.0,1760.0
1675891555365839,20934.0,26122.0,1263.0
1675891555377839,20934.0,26122.0,1263.0
1675891555389840,20934.0,26122.0,1263.0
1675891555405840,20640.0,24512.0,1208.0
1675891555417840,20640.0,24512.0,1208.0
1675891555429840,20640.0,24512.0,1208.0
1675891555445840,23831.0,27693.0,1346.0
1675891555457840,23831.0,27693.0,1346.0
1675891555468840,23831.0,27693.0,1346.0
1675891555485839,25169.0,29096.0,1384.0
1675891555497839,25169.0,29096.0,1384.0
1675891555508839,25169.0,29096.0,1384.0
1675891555525839,27844.0,32147.0,1463.0
1675891555537839,27844.0,32147.0,1463.0
1675891555549839,27844.0,32147.0,1463.0
1675891555565839,31847.0,36820.0,1623.0
1675891555577839,31847.0,36820.0,1623.0
1675891555589839,31847.0,36820.0,1623.0
1675891555605839,34075.0,39575.0,1711.0
1675891555617839,34075.0,39575.0,1711.0
1675891555629839,34075.0,39575.0,1711.0
1675891555645839,37724.0,44135.0,1858.0
1675891555657839,37724.0,44135.0,1858.0
1675891555669839,37724.0,44135.0,1858.0
1675891555685840,42229.0,48678.0,2012.0
1675891555697840,42229.0,48678.0,2012.0
1675891555709840,42229.0,48678.0,2012.0
1675891555725839,42962.0,48950.0,2031.0
1675891555737839,42962.0,48950.0,2031.0
1675891555749839,42962.0,48950.0,2031.0
1675891555765839,43677.0,48731.0,2087.0
1675891555777839,43677.0,48731.0,2087.0
1675891555789839,43677.0,48731.0,2087.0
1675891555805839,44373.0,49692.0,2115.0
1675891555817839,44373.0,49692.0,2115.0
1675891555829839,44373.0,49692.0,2115.0
1675891555845839,43799.0,48977.0,2050.0
1675891555857839,43799.0,48977.0,2050.0
1675891555869840,43799.0,48977.0,2050.0
1675891555885840,44139.0,49420.0,2094.0
1675891555897840,44139.0,49420.0,2094.0
1675891555909840,44139.0,49420.0,2094.0
1675891555925840,43509.0,48521.0,2069.0
1675891555937840,43509.0,48521.0,2069.0
1675891555949840,43509.0,48521.0,2069.0
1675891555966839,42538.0,47467.0,2009.0
1675891555978839,42538.0,47467.0,2009.0
1675891555990839,42538.0,47467.0,2009.0
1675891556006839,44986.0,50795.0,2161.0
1675891556018839,44986.0,50795.0,2161.0
1675891556030839,44986.0,50795.0,2161.0
1675891556045839,51513.0,60723.0,2571.0
1675891556057839,51513.0,60723.0,2571.0
1675891556069839,51513.0,60723.0,2571.0
1675891556086839,58436.0,72379.0,3140.0
1675891556098839,58436.0,72379.0,3140.0
1675891556110839,58436.0,72379.0,3140.0
1675891556125840,87879.0,114128.0,4874.0
1675891556137840,87879.0,114128.0,4874.0
1675891556149840,87879.0,114128.0,4874.0
1675891556165840,139360.0,172064.0,8408.0
1675891556176840,139360.0,172064.0,8408.0
1675891556188840,139360.0,172064.0,8408.0
1675891556205839,188562.0,237620.0,11288.0
1675891556217839,188562.0,237620.0,11288.0
1675891556229839,188562.0,237620.0,11288.0
1675891556245839,196608.0,245760.0,11727.0
1675891556257839,196608.0,245760.0,11727.0
1675891556269839,196608.0,245760.0,11727.0
1675891556285839,4219.0,49152.0,586.0
1675891556297839,4219.0,49152.0,586.0
1675891556309839,4219.0,49152.0,586.0
1675891556325839,4522.0,26338.0,580.0
1675891556337839,4522.0,26338.0,580.0
1675891556349840,4522.0,26338.0,580.0
1675891556365840,5256.0,43091.0,627.0
1675891556377840,5256.0,43091.0,627.0
1675891556389840,5256.0,43091.0,627.0
1675891556405840,5163.0,41519.0,599.0
1675891556417840,5163.0,41519.0,599.0
1675891556429840,5163.0,41519.0,599.0
1675891556445839,4849.0,33316.0,578.0
1675891556457839,4849.0,33316.0,578.0
1675891556468839,4849.0,33316.0,578.0
1675891556485839,4965.0,37176.0,595.0
1675891556497839,4965.0,37176.0,595.0
1675891556508839,4965.0,37176.0,595.0
1675891556525838,4997.0,37335.0,612.0
1675891556537839,4997.0,37335.0,612.0
1675891556549839,4997.0,37335.0,612.0
1675891556565839,4947.0,36391.0,586.0
1675891556577839,4947.0,36391.0,586.0
1675891556589839,4947.0,36391.0,586.0
1675891556605839,4968.0,37195.0,590.0
1675891556617839,4968.0,37195.0,590.0
1675891556629839,4968.0,37195.0,590.0
1675891556645839,4982.0,36796.0,603.0
1675891556657839,4982.0,36796.0,603.0
1675891556669839,4982.0,36796.0,603.0
1675891556685839,4992.0,37019.0,598.0
1675891556697839,4992.0,37019.0,598.0
1675891556709839,4992.0,37019.0,598.0
1675891556725839,4994.0,37027.0,600.0
1675891556737839,4994.0,37027.0,600.0
1675891556749839,4994.0,37027.0,600.0
1675891556765839,4978.0,36946.0,621.0
1675891556777839,4978.0,36946.0,621.0
1675891556789839,4978.0,36946.0,621.0
1675891556805839,4978.0,37039.0,608.0
1675891556817839,4978.0,37039.0,608.0
1675891556829839,4978.0,37039.0,608.0
1675891556845839,4938.0,37005.0,582.0
1675891556857839,4938.0,37005.0,582.0
1675891556869840,4938.0,37005.0,582.0
1675891556885840,4990.0,37022.0,602.0
1675891556897840,4990.0,37022.0,602.0
1675891556909840,4990.0,37022.0,602.0
1675891556925839,4965.0,37045.0,589.0
1675891556937839,4965.0,37045.0,589.0
1675891556949839,4965.0,37045.0,589.0
1675891556965839,4999.0,37070.0,600.0
1675891556977839,4999.0,37070.0,600.0
1675891556989839,4999.0,37070.0,600.0
1675891557005839,4965.0,37101.0,613.0
1675891557017839,4965.0,37101.0,613.0
1675891557029839,4965.0,37101.0,613.0
1675891557045839,5001.0,37085.0,587.0
1675891557057839,5001.0,37085.0,587.0
1675891557069839,5001.0,37085.0,587.0
1675891557085839,4965.0,37094.0,581.0
1675891557097839,4965.0,37094.0,581.0
1675891557109840,4965.0,37094.0,581.0
1675891557125840,4984.0,37091.0,615.0
1675891557137840,4984.0,37091.0,615.0
1675891557149840,4984.0,37091.0,615.0
1675891557165839,4985.0,37101.0,600.0
1675891557176838,4985.0,37101.0,600.0
1675891557188839,4985.0,37101.0,600.0
1675891557205839,4968.0,37125.0,595.0
1675891557217839,4968.0,37125.0,595.0
1675891557229839,4968.0,37125.0,595.0
1675891557245839,4969.0,37142.0,610.0
1675891557257839,4969.0,37142.0,610.0
1675891557269839,4969.0,37142.0,610.0
1675891557285839,4970.0,37149.0,624.0
1675891557297839,4970.0,37149.0,624.0
1675891557309839,4970.0,37149.0,624.0
1675891557325839,4978.0,37134.0,613.0
1675891557337839,4978.0,37134.0,613.0
1675891557349839,4978.0,37134.0,613.0
1675891557365839,4992.0,37183.0,643.0
1675891557377839,4992.0,37183.0,643.0
1675891557389840,4992.0,37183.0,643.0
1675891557405839,5009.0,37154.0,586.0
1675891557417839,5009.0,37154.0,586.0
1675891557429839,5009.0,37154.0,586.0
1675891557445839,4985.0,37163.0,620.0
1675891557457839,4985.0,37163.0,620.0
1675891557468839,4985.0,37163.0,620.0
1675891557485839,4983.0,37178.0,612.0
1675891557497839,4983.0,37178.0,612.0
1675891557508839,4983.0,37178.0,612.0
1675891557525839,4987.0,37186.0,608.0
1675891557537839,4987.0,37186.0,608.0
1675891557549839,4987.0,37186.0,608.0
1675891557565839,4986.0,37208.0,595.0
1675891557577839,4986.0,37208.0,595.0
1675891557589839,4986.0,37208.0,595.0
1675891557605839,4999.0,37209.0,627.0
1675891557617839,4999.0,37209.0,627.0
1675891557629839,4999.0,37209.0,627.0
1675891557645839,4993.0,37194.0,617.0
1675891557657839,4993.0,37194.0,617.0
1675891557669839,4993.0,37194.0,617.0
1675891557685839,4983.0,37235.0,582.0
1675891557697839,4983.0,37235.0,582.0
1675891557709839,4983.0,37235.0,582.0
1675891557725839,5011.0,37217.0,595.0
1675891557737839,5011.0,37217.0,595.0
1675891557749839,5011.0,37217.0,595.0
1675891557765839,4992.0,37215.0,609.0
1675891557777839,4992.0,37215.0,609.0
1675891557789839,4992.0,37215.0,609.0
1675891557805839,4972.0,37234.0,579.0
1675891557817839,4972.0,37234.0,579.0
1675891557829840,4972.0,37234.0,579.0
1675891557844840,4992.0,37235.0,602.0
1675891557856840,4992.0,37235.0,602.0
1675891557868840,4992.0,37235.0,602.0
1675891557884839,4998.0,37263.0,598.0
1675891557896839,4998.0,37263.0,598.0
1675891557908839,4998.0,37263.0,598.0
1675891557925839,5017.0,37241.0,601.0
1675891557937839,5017.0,37241.0,601.0
1675891557949839,5017.0,37241.0,601.0
1675891557965839,5011.0,37229.0,594.0
1675891557977839,5011.0,37229.0,594.0
1675891557989839,5011.0,37229.0,594.0
1675891558005839,4971.0,37265.0,608.0
1675891558017839,4971.0,37265.0,608.0
1675891558029839,4971.0,37265.0,608.0
1675891558045839,4981.0,37272.0,612.0
1675891558057839,4981.0,37272.0,612.0
1675891558069840,4981.0,37272.0,612.0
1675891558085840,4971.0,37270.0,601.0
1675891558097840,4971.0,37270.0,601.0
1675891558109840,4971.0,37270.0,601.0
1675891558125839,4980.0,37264.0,593.0
1675891558137839,4980.0,37264.0,593.0
1675891558149839,4980.0,37264.0,593.0
1675891558165839,4980.0,37285.0,620.0
1675891558176839,4980.0,37285.0,620.0
1675891558188839,4980.0,37285.0,620.0
1675891558205839,5000.0,37291.0,614.0
1675891558217839,5000.0,37291.0,614.0
1675891558229839,5000.0,37291.0,614.0
1675891558245839,4976.0,37258.0,594.0
1675891558257839,4976.0,37258.0,594.0
1675891558269839,4976.0,37258.0,594.0
1675891558285839,5000.0,37283.0,608.0
1675891558297839,5000.0,37283.0,608.0
1675891558309839,5000.0,37283.0,608.0
1675891558325839,4998.0,37285.0,598.0
1675891558337839,4998.0,37285.0,598.0
1675891558349840,4998.0,37285.0,598.0
1675891558365839,4974.0,37307.0,593.0
1675891558377839,4974.0,37307.0,593.0
1675891558389839,4974.0,37307.0,593.0
1675891558405839,5001.0,37305.0,589.0
1675891558417839,5001.0,37305.0,589.0
1675891558429839,5001.0,37305.0,589.0
1675891558445839,5022.0,37302.0,584.0
1675891558457839,5022.0,37302.0,584.0
1675891558468839,5022.0,37302.0,584.0
1675891558485839,4984.0,37320.0,623.0
1675891558497839,4984.0,37320.0,623.0
1675891558508839,4984.0,37320.0,623.0
1675891558525839,4986.0,37303.0,582.0
1675891558537839,4986.0,37303.0,582.0
1675891558549839,4986.0,37303.0,582.0
1675891558565839,4980.0,37299.0,588.0
1675891558577839,4980.0,37299.0,588.0
1675891558589839,4980.0,37299.0,588.0
1675891558605839,5007.0,37299.0,603.0
1675891558617839,5007.0,37299.0,603.0
1675891558629839,5007.0,37299.0,603.0
1675891558645839,4985.0,37325.0,576.0
1675891558657839,4985.0,37325.0,576.0
1675891558669839,4985.0,37325.0,576.0
1675891558684839,5015.0,37345.0,595.0
1675891558696839,5015.0,37345.0,595.0
1675891558708839,5015.0,37345.0,595.0
1675891558724839,5011.0,37330.0,589.0
1675891558736839,5011.0,37330.0,589.0
1675891558748839,5011.0,37330.0,589.0
1675891558764840,4983.0,37350.0,580.0
1675891558776840,4983.0,37350.0,580.0
1675891558788840,4983.0,37350.0,580.0
1675891558804840,4978.0,37315.0,617.0
1675891558816840,4978.0,37315.0,617.0
1675891558828840,4978.0,37315.0,617.0
1675891558844839,4983.0,37357.0,605.0
1675891558856839,4983.0,37357.0,605.0
1675891558868839,4983.0,37357.0,605.0
1675891558884839,5014.0,37358.0,611.0
1675891558896839,5014.0,37358.0,611.0
1675891558908839,5014.0,37358.0,611.0
1675891558925839,5010.0,37347.0,601.0
1675891558937839,5010.0,37347.0,601.0
1675891558949839,5010.0,37347.0,601.0
1675891558965839,5019.0,37367.0,594.0
1675891558977839,5019.0,37367.0,594.0
1675891558989839,5019.0,37367.0,594.0
1675891559005839,4998.0,37381.0,603.0
1675891559017840,4998.0,37381.0,603.0
1675891559029840,4998.0,37381.0,603.0
1675891559045840,4984.0,37337.0,583.0
1675891559057840,4984.0,37337.0,583.0
1675891559069840,4984.0,37337.0,583.0
1675891559085839,4991.0,37377.0,629.0
1675891559097839,4991.0,37377.0,629.0
1675891559109839,4991.0,37377.0,629.0
1675891559125839,4994.0,37349.0,604.0
1675891559137839,4994.0,37349.0,604.0
1675891559149839,4994.0,37349.0,604.0
1675891559165839,4969.0,37405.0,601.0
1675891559176839,4969.0,37405.0,601.0
1675891559188839,4969.0,37405.0,601.0
1675891559205839,4990.0,37391.0,595.0
1675891559217839,4990.0,37391.0,595.0
1675891559229839,4990.0,37391.0,595.0
1675891559245839,5003.0,37372.0,621.0
1675891559257839,5003.0,37372.0,621.0
1675891559269839,5003.0,37372.0,621.0
1675891559285839,4993.0,37356.0,588.0
1675891559297840,4993.0,37356.0,588.0
1675891559309840,4993.0,37356.0,588.0
1675891559325839,4995.0,37386.0,611.0
1675891559337839,4995.0,37386.0,611.0
1675891559349839,4995.0,37386.0,611.0
1675891559365839,5000.0,37356.0,613.0
1675891559377839,5000.0,37356.0,613.0
1675891559389839,5000.0,37356.0,613.0
1675891559405839,4999.0,37384.0,590.0
1675891559417839,4999.0,37384.0,590.0
1675891559429839,4999.0,37384.0,590.0
1675891559445839,5155.0,41269.0,624.0
1675891559457839,5155.0,41269.0,624.0
1675891559468839,5155.0,41269.0,624.0
1675891559485839,5755.0,54974.0,654.0
1675891559497839,5755.0,54974.0,654.0
1675891559508839,5755.0,54974.0,654.0
1675891559525839,5289.0,43106.0,633.0
1675891559537839,5289.0,43106.0,633.0
1675891559549839,5289.0,43106.0,633.0
1675891559564839,4806.0,30950.0,598.0
1675891559576839,4806.0,30950.0,598.0
1675891559588839,4806.0,30950.0,598.0
1675891559604839,4590.0,26813.0,561.0
1675891559616839,4590.0,26813.0,561.0
1675891559628839,4590.0,26813.0,561.0
1675891559644839,4390.0,21957.0,576.0
1675891559656839,4390.0,21957.0,576.0
1675891559668839,4390.0,21957.0,576.0
1675891559684839,4337.0,18668.0,543.0
1675891559696839,4337.0,18668.0,543.0
1675891559708840,4337.0,18668.0,543.0
1675891559724840,4387.0,15896.0,527.0
1675891559736840,4387.0,15896.0,527.0
1675891559748840,4387.0,15896.0,527.0
1675891559764840,4571.0,13972.0,544.0
1675891559776840,4571.0,13972.0,544.0
1675891559788840,4571.0,13972.0,544.0
1675891559804839,4927.0,11759.0,534.0
1675891559816839,4927.0,11759.0,534.0
1675891559828839,4927.0,11759.0,534.0
1675891559844839,5404.0,9966.0,566.0
1675891559856839,5404.0,9966.0,566.0
1675891559868839,5404.0,9966.0,566.0
1675891559884839,6891.0,9596.0,678.0
1675891559896839,6891.0,9596.0,678.0
1675891559908839,6891.0,9596.0,678.0
1675891559925839,7996.0,9498.0,730.0
1675891559937839,7996.0,9498.0,730.0
1675891559949839,7996.0,9498.0,730.0
1675891559965839,9043.0,10162.0,835.0
1675891559977840,9043.0,10162.0,835.0
1675891559989840,9043.0,10162.0,835.0
1675891560005840,12842.0,15703.0,1102.0
1675891560017840,12842.0,15703.0,1102.0
1675891560029840,12842.0,15703.0,1102.0
1675891560045839,18978.0,24769.0,1573.0
1675891560057839,18978.0,24769.0,1573.0
1675891560069839,18978.0,24769.0,1573.0
1675891560085839,21931.0,29256.0,1818.0
1675891560097839,21931.0,29256.0,1818.0
1675891560109839,21931.0,29256.0,1818.0
1675891560125839,23223.0,31029.0,1902.0
1675891560137839,23223.0,31029.0,1902.0
1675891560149839,23223.0,31029.0,1902.0
1675891560165839,23171.0,31067.0,1908.0
1675891560176839,23171.0,31067.0,1908.0
1675891560188839,23171.0,31067.0,1908.0
1675891560205839,26501.0,36129.0,2139.0
1675891560217839,26501.0,36129.0,2139.0
1675891560229839,26501.0,36129.0,2139.0
1675891560245839,26945.0,36730.0,2149.0
1675891560257840,26945.0,36730.0,2149.0
1675891560269840,26945.0,36730.0,2149.0
1675891560285839,24792.0,33230.0,1956.0
1675891560297839,24792.0,33230.0,1956.0
1675891560309839,24792.0,33230.0,1956.0
1675891560325839,20226.0,26508.0,1634.0
1675891560337839,20226.0,26508.0,1634.0
1675891560349839,20226.0,26508.0,1634.0
1675891560365839,18619.0,24304.0,1514.0
1675891560377839,18619.0,24304.0,1514.0
1675891560389839,18619.0,24304.0,1514.0
1675891560404839,19498.0,25745.0,1602.0
1675891560416839,19498.0,25745.0,1602.0
1675891560428840,19498.0,25745.0,1602.0
1675891560444840,19783.0,26158.0,1626.0
1675891560456840,19783.0,26158.0,1626.0
1675891560467840,19783.0,26158.0,1626.0
1675891560484840,18233.0,23736.0,1482.0
1675891560496840,18233.0,23736.0,1482.0
1675891560508840,18233.0,23736.0,1482.0
1675891560524839,19443.0,25621.0,1590.0
1675891560536839,19443.0,25621.0,1590.0
1675891560548839,19443.0,25621.0,1590.0
1675891560564839,20431.0,27153.0,1666.0
1675891560576839,20431.0,27153.0,1666.0
1675891560588839,20431.0,27153.0,1666.0
1675891560604839,19896.0,26240.0,1616.0
1675891560616839,19896.0,26240.0,1616.0
1675891560628839,19896.0,26240.0,1616.0
1675891560644839,19491.0,25668.0,1585.0
1675891560656839,19491.0,25668.0,1585.0
1675891560668840,19491.0,25668.0,1585.0
1675891560684840,19751.0,26041.0,1596.0
1675891560696840,19751.0,26041.0,1596.0
1675891560708840,19751.0,26041.0,1596.0
1675891560724840,19666.0,25879.0,1610.0
1675891560736840,19666.0,25879.0,1610.0
1675891560748840,19666.0,25879.0,1610.0
1675891560764839,19617.0,25895.0,1598.0
1675891560776839,19617.0,25895.0,1598.0
1675891560788839,19617.0,25895.0,1598.0
1675891560804839,19697.0,25971.0,1616.0
1675891560816839,19697.0,25971.0,1616.0
1675891560828839,19697.0,25971.0,1616.0
1675891560844839,19604.0,25871.0,1629.0
1675891560856839,19604.0,25871.0,1629.0
1675891560868839,19604.0,25871.0,1629.0
1675891560884839,19672.0,25918.0,1607.0
1675891560896839,19672.0,25918.0,1607.0
1675891560908839,19672.0,25918.0,1607.0
1675891560925839,19592.0,25885.0,1593.0
1675891560937839,19592.0,25885.0,1593.0
1675891560949839,19592.0,25885.0,1593.0
1675891560965839,19662.0,25891.0,1613.0
1675891560977840,19662.0,25891.0,1613.0
1675891560989840,19662.0,25891.0,1613.0
1675891561005839,19619.0,25895.0,1594.0
1675891561017839,19619.0,25895.0,1594.0
1675891561029839,19619.0,25895.0,1594.0
1675891561045839,19660.0,25896.0,1584.0
1675891561057839,19660.0,25896.0,1584.0
1675891561069839,19660.0,25896.0,1584.0
1675891561085839,19619.0,25879.0,1606.0
1675891561097839,19619.0,25879.0,1606.0
1675891561109839,19619.0,25879.0,1606.0
1675891561125839,19639.0,25859.0,1587.0
1675891561137839,19639.0,25859.0,1587.0
1675891561149840,19639.0,25859.0,1587.0
1675891561165840,19605.0,25880.0,1573.0
1675891561176839,19605.0,25880.0,1573.0
1675891561188840,19605.0,25880.0,1573.0
1675891561205839,19608.0,25877.0,1600.0
1675891561217840,19608.0,25877.0,1600.0
1675891561229840,19608.0,25877.0,1600.0
1675891561244839,19627.0,25888.0,1602.0
1675891561256839,19627.0,25888.0,1602.0
1675891561268839,19627.0,25888.0,1602.0
1675891561284839,19625.0,25850.0,1639.0
1675891561296839,19625.0,25850.0,1639.0
1675891561308839,19625.0,25850.0,1639.0
1675891561324839,19621.0,25872.0,1609.0
1675891561336839,19621.0,25872.0,1609.0
1675891561348839,19621.0,25872.0,1609.0
1675891561364839,19628.0,25854.0,1582.0
1675891561376839,19628.0,25854.0,1582.0
1675891561388839,19628.0,25854.0,1582.0
1675891561404839,19613.0,25857.0,1576.0
1675891561416839,19613.0,25857.0,1576.0
1675891561428840,19613.0,25857.0,1576.0
1675891561444840,19633.0,25865.0,1600.0
1675891561456840,19633.0,25865.0,1600.0
1675891561467840,19633.0,25865.0,1600.0
1675891561484839,19587.0,25862.0,1577.0
1675891561496839,19587.0,25862.0,1577.0
1675891561508839,19587.0,25862.0,1577.0
1675891561524839,19600.0,25859.0,1595.0
1675891561536839,19600.0,25859.0,1595.0
1675891561548839,19600.0,25859.0,1595.0
1675891561564839,19602.0,25831.0,1607.0
1675891561576839,19602.0,25831.0,1607.0
1675891561588839,19602.0,25831.0,1607.0
1675891561604839,19609.0,25851.0,1601.0
1675891561616839,19609.0,25851.0,1601.0
1675891561628839,19609.0,25851.0,1601.0
1675891561644839,19615.0,25849.0,1612.0
1675891561656839,19615.0,25849.0,1612.0
1675891561668840,19615.0,25849.0,1612.0
1675891561684840,19607.0,25835.0,1609.0
1675891561696840,19607.0,25835.0,1609.0
1675891561708840,19607.0,25835.0,1609.0
1675891561724839,19588.0,25852.0,1573.0
1675891561736839,19588.0,25852.0,1573.0
1675891561748839,19588.0,25852.0,1573.0
1675891561764839,19583.0,25861.0,1593.0
1675891561776839,19583.0,25861.0,1593.0
1675891561788839,19583.0,25861.0,1593.0
1675891561804839,19609.0,25868.0,1585.0
1675891561816839,19609.0,25868.0,1585.0
1675891561828839,19609.0,25868.0,1585.0
1675891561844839,19605.0,25824.0,1586.0
1675891561856839,19605.0,25824.0,1586.0
1675891561868839,19605.0,25824.0,1586.0
1675891561884839,19586.0,25849.0,1612.0
1675891561896839,19586.0,25849.0,1612.0
1675891561908840,19586.0,25849.0,1612.0
1675891561925840,19589.0,25813.0,1582.0
1675891561937840,19589.0,25813.0,1582.0
1675891561949840,19589.0,25813.0,1582.0
1675891561965839,19608.0,25830.0,1580.0
1675891561977839,19608.0,25830.0,1580.0
1675891561989839,19608.0,25830.0,1580.0
1675891562005839,19613.0,25840.0,1612.0
1675891562017839,19613.0,25840.0,1612.0
1675891562029839,19613.0,25840.0,1612.0
1675891562045839,19612.0,25812.0,1611.0
1675891562057839,19612.0,25812.0,1611.0
1675891562069839,19612.0,25812.0,1611.0
1675891562084839,19594.0,25811.0,1604.0
1675891562096840,19594.0,25811.0,1604.0
1675891562108840,19594.0,25811.0,1604.0
1675891562124840,19595.0,25797.0,1611.0
1675891562136840,19595.0,25797.0,1611.0
1675891562148840,19595.0,25797.0,1611.0
1675891562164840,19580.0,25837.0,1592.0
1675891562175840,19580.0,25837.0,1592.0
1675891562187840,19580.0,25837.0,1592.0
1675891562204839,19614.0,25832.0,1582.0
1675891562216839,19614.0,25832.0,1582.0
1675891562228839,19614.0,25832.0,1582.0
1675891562244839,19572.0,25850.0,1597.0
1675891562256839,19572.0,25850.0,1597.0
1675891562268839,19572.0,25850.0,1597.0
1675891562284839,19569.0,25793.0,1606.0
1675891562296839,19569.0,25793.0,1606.0
1675891562308839,19569.0,25793.0,1606.0
1675891562324839,19597.0,25813.0,1588.0
1675891562336839,19597.0,25813.0,1588.0
1675891562348839,19597.0,25813.0,1588.0
1675891562364839,19571.0,25798.0,1614.0
1675891562376840,19571.0,25798.0,1614.0
1675891562388840,19571.0,25798.0,1614.0
1675891562404840,19575.0,25800.0,1596.0
1675891562416840,19575.0,25800.0,1596.0
1675891562428840,19575.0,25800.0,1596.0
1675891562444839,19571.0,25811.0,1602.0
1675891562456839,19571.0,25811.0,1602.0
1675891562467839,19571.0,25811.0,1602.0
1675891562484839,19592.0,25809.0,1593.0
1675891562496839,19592.0,25809.0,1593.0
1675891562508839,19592.0,25809.0,1593.0
1675891562524839,19596.0,25786.0,1583.0
1675891562536839,19596.0,25786.0,1583.0
1675891562548839,19596.0,25786.0,1583.0
1675891562564839,19555.0,25777.0,1608.0
1675891562576839,19555.0,25777.0,1608.0
1675891562588839,19555.0,25777.0,1608.0
1675891562604839,19559.0,25797.0,1579.0
1675891562616839,19559.0,25797.0,1579.0
1675891562628839,19559.0,25797.0,1579.0
1675891562644839,19572.0,25764.0,1601.0
1675891562656839,19572.0,25764.0,1601.0
1675891562668840,19572.0,25764.0,1601.0
1675891562684839,19571.0,25806.0,1603.0
1675891562696839,19571.0,25806.0,1603.0
1675891562708839,19571.0,25806.0,1603.0
1675891562724839,19560.0,25778.0,1608.0
1675891562736839,19560.0,25778.0,1608.0
1675891562748839,19560.0,25778.0,1608.0
1675891562764839,19549.0,25744.0,1613.0
1675891562776839,19549.0,25744.0,1613.0
1675891562788839,19549.0,25744.0,1613.0
1675891562804839,19578.0,25814.0,1619.0
1675891562816839,19578.0,25814.0,1619.0
1675891562828839,19578.0,25814.0,1619.0
1675891562844839,19583.0,25801.0,1625.0
1675891562856840,19583.0,25801.0,1625.0
1675891562868840,19583.0,25801.0,1625.0
1675891562884840,19583.0,25794.0,1615.0
1675891562896840,19583.0,25794.0,1615.0
1675891562908840,19583.0,25794.0,1615.0
1675891562925839,19552.0,25765.0,1561.0
1675891562937839,19552.0,25765.0,1561.0
1675891562949839,19552.0,25765.0,1561.0
1675891562964839,19565.0,25811.0,1595.0
1675891562976839,19565.0,25811.0,1595.0
1675891562988839,19565.0,25811.0,1595.0
1675891563004839,19560.0,25761.0,1609.0
1675891563016839,19560.0,25761.0,1609.0
1675891563028839,19560.0,25761.0,1609.0
1675891563044839,19587.0,25797.0,1615.0
1675891563056839,19587.0,25797.0,1615.0
1675891563068839,19587.0,25797.0,1615.0
1675891563084839,19546.0,25761.0,1590.0
1675891563096840,19546.0,25761.0,1590.0
1675891563108840,19546.0,25761.0,1590.0
1675891563124840,19576.0,25805.0,1566.0
1675891563136840,19576.0,25805.0,1566.0
1675891563148840,19576.0,25805.0,1566.0
1675891563164839,19562.0,25758.0,1592.0
1675891563175839,19562.0,25758.0,1592.0
1675891563187839,19562.0,25758.0,1592.0
1675891563204839,19559.0,25780.0,1579.0
1675891563216839,19559.0,25780.0,1579.0
1675891563228839,19559.0,25780.0,1579.0
1675891563244839,19535.0,25778.0,1617.0
1675891563256839,19535.0,25778.0,1617.0
1675891563268839,19535.0,25778.0,1617.0
1675891563284839,19590.0,25787.0,1607.0
1675891563296839,19590.0,25787.0,1607.0
1675891563308839,19590.0,25787.0,1607.0
1675891563324839,19552.0,25804.0,1613.0
1675891563336839,19552.0,25804.0,1613.0
1675891563348839,19552.0,25804.0,1613.0
1675891563364839,19547.0,25749.0,1616.0
1675891563376840,19547.0,25749.0,1616.0
1675891563388840,19547.0,25749.0,1616.0
1675891563404839,19550.0,25761.0,1596.0
1675891563416839,19550.0,25761.0,1596.0
1675891563428839,19550.0,25761.0,1596.0
1675891563444839,19554.0,25759.0,1623.0
1675891563456839,19554.0,25759.0,1623.0
1675891563467839,19554.0,25759.0,1623.0
1675891563484839,19553.0,25770.0,1578.0
1675891563496839,19553.0,25770.0,1578.0
1675891563508839,19553.0,25770.0,1578.0
1675891563524839,19545.0,25760.0,1608.0
1675891563536839,19545.0,25760.0,1608.0
1675891563548839,19545.0,25760.0,1608.0
1675891563564839,19539.0,25759.0,1607.0
1675891563576839,19539.0,25759.0,1607.0
1675891563588839,19539.0,25759.0,1607.0
1675891563604839,19546.0,25749.0,1591.0
1675891563616840,19546.0,25749.0,1591.0
1675891563628840,19546.0,25749.0,1591.0
1675891563644839,19545.0,25771.0,1599.0
1675891563656839,19545.0,25771.0,1599.0
1675891563668839,19545.0,25771.0,1599.0
1675891563684839,19566.0,25776.0,1590.0
1675891563696839,19566.0,25776.0,1590.0
1675891563708839,19566.0,25776.0,1590.0
1675891563724839,19551.0,25751.0,1613.0
1675891563736839,19551.0,25751.0,1613.0
1675891563748839,19551.0,25751.0,1613.0
1675891563764839,19540.0,25745.0,1628.0
1675891563776839,19540.0,25745.0,1628.0
1675891563788839,19540.0,25745.0,1628.0
1675891563804839,19546.0,25756.0,1600.0
1675891563816840,19546.0,25756.0,1600.0
1675891563828840,19546.0,25756.0,1600.0
1675891563844840,19555.0,25744.0,1593.0
1675891563856840,19555.0,25744.0,1593.0
1675891563868840,19555.0,25744.0,1593.0
1675891563883839,19533.0,25746.0,1611.0
1675891563895839,19533.0,25746.0,1611.0
1675891563907839,19533.0,25746.0,1611.0
1675891563924839,19530.0,25743.0,1603.0
1675891563936839,19530.0,25743.0,1603.0
1675891563948839,19530.0,25743.0,1603.0
1675891563964839,19573.0,25763.0,1587.0
1675891563976839,19573.0,25763.0,1587.0
1675891563988839,19573.0,25763.0,1587.0
1675891564004839,19564.0,25760.0,1612.0
1675891564016839,19564.0,25760.0,1612.0
1675891564028839,19564.0,25760.0,1612.0
1675891564044839,19545.0,25750.0,1569.0
1675891564056840,19545.0,25750.0,1569.0
1675891564068840,19545.0,25750.0,1569.0
1675891564084840,19535.0,25730.0,1575.0
1675891564096840,19535.0,25730.0,1575.0
1675891564108840,19535.0,25730.0,1575.0
1675891564124839,19552.0,25737.0,1617.0
1675891564136839,19552.0,25737.0,1617.0
1675891564148839,19552.0,25737.0,1617.0
1675891564164839,19535.0,25748.0,1578.0
1675891564175839,19535.0,25748.0,1578.0
1675891564187839,19535.0,25748.0,1578.0
1675891564204839,19537.0,25751.0,1619.0
1675891564216839,19537.0,25751.0,1619.0
1675891564228839,19537.0,25751.0,1619.0
1675891564244839,19551.0,25746.0,1618.0
1675891564256839,19551.0,25746.0,1618.0
1675891564268839,19551.0,25746.0,1618.0
1675891564284839,19543.0,25742.0,1612.0
1675891564296839,19543.0,25742.0,1612.0
1675891564308839,19543.0,25742.0,1612.0
1675891564324839,19522.0,25709.0,1603.0
1675891564336840,19522.0,25709.0,1603.0
1675891564348840,19522.0,25709.0,1603.0
1675891564364839,19554.0,25742.0,1594.0
1675891564376839,19554.0,25742.0,1594.0
1675891564388839,19554.0,25742.0,1594.0
1675891564404839,19518.0,25735.0,1594.0
1675891564416839,19518.0,25735.0,1594.0
1675891564428839,19518.0,25735.0,1594.0
1675891564444839,19558.0,25750.0,1567.0
1675891564456839,19558.0,25750.0,1567.0
1675891564467839,19558.0,25750.0,1567.0
1675891564484839,19539.0,25740.0,1616.0
1675891564496839,19539.0,25740.0,1616.0
1675891564508839,19539.0,25740.0,1616.0
1675891564524839,19533.0,25732.0,1560.0
1675891564536839,19533.0,25732.0,1560.0
1675891564548839,19533.0,25732.0,1560.0
1675891564564839,19542.0,25723.0,1574.0
1675891564576840,19542.0,25723.0,1574.0
1675891564588840,19542.0,25723.0,1574.0
1675891564604839,19535.0,25726.0,1599.0
1675891564616839,19535.0,25726.0,1599.0
1675891564628839,19535.0,25726.0,1599.0
1675891564644839,19523.0,25737.0,1606.0
1675891564656839,19523.0,25737.0,1606.0
1675891564668839,19523.0,25737.0,1606.0
1675891564683839,19527.0,25741.0,1614.0
1675891564695839,19527.0,25741.0,1614.0
1675891564707839,19527.0,25741.0,1614.0
1675891564724839,19517.0,25739.0,1586.0
1675891564736839,19517.0,25739.0,1586.0
1675891564748839,19517.0,25739.0,1586.0
1675891564763840,19514.0,25738.0,1605.0
1675891564775840,19514.0,25738.0,1605.0
1675891564787840,19514.0,25738.0,1605.0
1675891564803840,19528.0,25715.0,1576.0
1675891564815840,19528.0,25715.0,1576.0
1675891564827840,19528.0,25715.0,1576.0
1675891564843839,19532.0,25733.0,1594.0
1675891564855839,19532.0,25733.0,1594.0
1675891564867839,19532.0,25733.0,1594.0
1675891564883839,19527.0,25736.0,1604.0
1675891564895839,19527.0,25736.0,1604.0
1675891564907839,19527.0,25736.0,1604.0
1675891564924839,19539.0,25714.0,1588.0
1675891564936839,19539.0,25714.0,1588.0
1675891564948839,19539.0,25714.0,1588.0
1675891564964839,19532.0,25722.0,1570.0
1675891564976839,19532.0,25722.0,1570.0
1675891564988839,19532.0,25722.0,1570.0
1675891565004839,19505.0,25706.0,1587.0
1675891565016839,19505.0,25706.0,1587.0
1675891565028839,19505.0,25706.0,1587.0
1675891565044839,19513.0,25743.0,1592.0
1675891565056840,19513.0,25743.0,1592.0
1675891565068840,19513.0,25743.0,1592.0
1675891565084839,19507.0,25741.0,1594.0
1675891565096839,19507.0,25741.0,1594.0
1675891565108839,19507.0,25741.0,1594.0
1675891565124839,19558.0,25698.0,1599.0
1675891565136839,19558.0,25698.0,1599.0
1675891565148839,19558.0,25698.0,1599.0
1675891565164839,19536.0,25718.0,1604.0
1675891565175839,19536.0,25718.0,1604.0
1675891565187839,19536.0,25718.0,1604.0
1675891565204839,19526.0,25714.0,1596.0
1675891565216839,19526.0,25714.0,1596.0
1675891565228839,19526.0,25714.0,1596.0
1675891565244839,19513.0,25728.0,1592.0
1675891565256839,19513.0,25728.0,1592.0
1675891565268839,19513.0,25728.0,1592.0
1675891565284839,19513.0,25710.0,1601.0
1675891565296840,19513.0,25710.0,1601.0
1675891565308840,19513.0,25710.0,1601.0
1675891565324839,19540.0,25734.0,1586.0
1675891565336839,19540.0,25734.0,1586.0
1675891565348839,19540.0,25734.0,1586.0
1675891565364839,19537.0,25708.0,1589.0
1675891565376839,19537.0,25708.0,1589.0
1675891565388839,19537.0,25708.0,1589.0
1675891565404839,19520.0,25713.0,1573.0
1675891565416839,19520.0,25713.0,1573.0
1675891565428839,19520.0,25713.0,1573.0
1675891565444839,19499.0,25707.0,1588.0
1675891565456839,19499.0,25707.0,1588.0
1675891565467839,19499.0,25707.0,1588.0
1675891565484839,19537.0,25727.0,1609.0
1675891565496839,19537.0,25727.0,1609.0
1675891565508839,19537.0,25727.0,1609.0
1675891565524840,19527.0,25732.0,1614.0
1675891565536840,19527.0,25732.0,1614.0
1675891565548840,19527.0,25732.0,1614.0
1675891565564839,19519.0,25723.0,1585.0
1675891565576839,19519.0,25723.0,1585.0
1675891565588839,19519.0,25723.0,1585.0
1675891565604839,19518.0,25716.0,1578.0
1675891565616839,19518.0,25716.0,1578.0
1675891565628839,19518.0,25716.0,1578.0
1675891565643839,19531.0,25728.0,1596.0
1675891565655839,19531.0,25728.0,1596.0
1675891565667839,19531.0,25728.0,1596.0
1675891565683839,19539.0,25722.0,1593.0
1675891565695840,19539.0,25722.0,1593.0
1675891565707840,19539.0,25722.0,1593.0
1675891565723840,19524.0,25735.0,1586.0
1675891565735840,19524.0,25735.0,1586.0
1675891565747840,19524.0,25735.0,1586.0
1675891565763840,19525.0,25723.0,1593.0
1675891565775840,19525.0,25723.0,1593.0
1675891565787840,19525.0,25723.0,1593.0
1675891565803839,19500.0,25699.0,1585.0
1675891565815839,19500.0,25699.0,1585.0
1675891565827839,19500.0,25699.0,1585.0
1675891565843839,19545.0,25726.0,1578.0
1675891565855839,19545.0,25726.0,1578.0
1675891565867839,19545.0,25726.0,1578.0
1675891565883839,19510.0,25713.0,1600.0
1675891565895839,19510.0,25713.0,1600.0
1675891565907839,19510.0,25713.0,1600.0
1675891565924839,19517.0,25720.0,1576.0
1675891565936839,19517.0,25720.0,1576.0
1675891565948839,19517.0,25720.0,1576.0
1675891565964839,19536.0,25698.0,1606.0
1675891565976839,19536.0,25698.0,1606.0
1675891565988839,19536.0,25698.0,1606.0
1675891566004840,19530.0,25698.0,1563.0
1675891566016840,19530.0,25698.0,1563.0
1675891566028840,19530.0,25698.0,1563.0
1675891566044839,19531.0,25738.0,1583.0
1675891566056839,19531.0,25738.0,1583.0
1675891566068839,19531.0,25738.0,1583.0
1675891566084839,19496.0,25717.0,1589.0
1675891566096839,19496.0,25717.0,1589.0
1675891566108839,19496.0,25717.0,1589.0
1675891566124839,19520.0,25710.0,1581.0
1675891566136839,19520.0,25710.0,1581.0
1675891566148839,19520.0,25710.0,1581.0
1675891566164839,19512.0,25693.0,1600.0
1675891566175839,19512.0,25693.0,1600.0
1675891566187839,19512.0,25693.0,1600.0
1675891566204839,19540.0,25697.0,1596.0
1675891566216839,19540.0,25697.0,1596.0
1675891566228839,19540.0,25697.0,1596.0
1675891566244840,19502.0,25729.0,1588.0
1675891566256840,19502.0,25729.0,1588.0
1675891566268840,19502.0,25729.0,1588.0
1675891566284839,19505.0,25719.0,1604.0
1675891566296839,19505.0,25719.0,1604.0
1675891566308839,19505.0,25719.0,1604.0
1675891566324839,19512.0,25697.0,1592.0
1675891566336839,19512.0,25697.0,1592.0
1675891566348839,19512.0,25697.0,1592.0
1675891566364839,19511.0,25694.0,1618.0
1675891566376839,19511.0,25694.0,1618.0
1675891566388839,19511.0,25694.0,1618.0
1675891566404839,19518.0,25696.0,1605.0
1675891566416839,19518.0,25696.0,1605.0
1675891566428840,19518.0,25696.0,1605.0
1675891566444840,19534.0,25718.0,1586.0
1675891566456840,19534.0,25718.0,1586.0
1675891566467840,19534.0,25718.0,1586.0
1675891566484840,19510.0,25695.0,1592.0
1675891566496840,19510.0,25695.0,1592.0
1675891566508840,19510.0,25695.0,1592.0
1675891566523839,19531.0,25681.0,1591.0
1675891566535839,19531.0,25681.0,1591.0
1675891566547839,19531.0,25681.0,1591.0
1675891566563839,19529.0,25709.0,1611.0
1675891566575839,19529.0,25709.0,1611.0
1675891566587839,19529.0,25709.0,1611.0
1675891566603839,19517.0,25684.0,1617.0
1675891566615839,19517.0,25684.0,1617.0
1675891566627839,19517.0,25684.0,1617.0
1675891566643839,19514.0,25704.0,1587.0
1675891566655839,19514.0,25704.0,1587.0
1675891566667839,19514.0,25704.0,1587.0
1675891566683839,19496.0,25684.0,1591.0
1675891566695840,19496.0,25684.0,1591.0
1675891566707840,19496.0,25684.0,1591.0
1675891566723840,19544.0,25704.0,1592.0
1675891566735840,19544.0,25704.0,1592.0
1675891566747840,19544.0,25704.0,1592.0
1675891566763839,19512.0,25695.0,1574.0
1675891566775839,19512.0,25695.0,1574.0
1675891566787839,19512.0,25695.0,1574.0
1675891566803839,19503.0,25692.0,1598.0
1675891566815839,19503.0,25692.0,1598.0
1675891566827839,19503.0,25692.0,1598.0
1675891566843839,19495.0,25699.0,1576.0
1675891566855839,19495.0,25699.0,1576.0
1675891566867839,19495.0,25699.0,1576.0
1675891566883839,19514.0,25720.0,1594.0
1675891566895839,19514.0,25720.0,1594.0
1675891566907839,19514.0,25720.0,1594.0
1675891566924839,19509.0,25690.0,1606.0
1675891566936839,19509.0,25690.0,1606.0
1675891566948840,19509.0,25690.0,1606.0
1675891566964840,19509.0,25712.0,1597.0
1675891566976840,19509.0,25712.0,1597.0
1675891566988840,19509.0,25712.0,1597.0
1675891567004839,19498.0,25688.0,1587.0
1675891567016839,19498.0,25688.0,1587.0
1675891567028839,19498.0,25688.0,1587.0
1675891567044839,19520.0,25669.0,1606.0
1675891567056839,19520.0,25669.0,1606.0
1675891567068839,19520.0,25669.0,1606.0
1675891567084839,19512.0,25704.0,1593.0
1675891567096839,19512.0,25704.0,1593.0
1675891567108839,19512.0,25704.0,1593.0
1675891567124839,19490.0,25698.0,1591.0
1675891567136839,19490.0,25698.0,1591.0
1675891567148839,19490.0,25698.0,1591.0
1675891567164839,19535.0,25697.0,1597.0
1675891567175839,19535.0,25697.0,1597.0
1675891567187839,19535.0,25697.0,1597.0
1675891567204839,19538.0,25699.0,1595.0
1675891567216839,19538.0,25699.0,1595.0
1675891567228839,19538.0,25699.0,1595.0
1675891567244839,19522.0,25684.0,1595.0
1675891567256839,19522.0,25684.0,1595.0
1675891567268839,19522.0,25684.0,1595.0
1675891567284839,19511.0,25684.0,1595.0
1675891567296839,19511.0,25684.0,1595.0
1675891567308839,19511.0,25684.0,1595.0
1675891567324839,19514.0,25703.0,1581.0
1675891567336839,19514.0,25703.0,1581.0
1675891567348839,19514.0,25703.0,1581.0
1675891567363839,19502.0,25667.0,1592.0
1675891567375839,19502.0,25667.0,1592.0
1675891567387839,19502.0,25667.0,1592.0
1675891567404839,19510.0,25694.0,1580.0
1675891567416839,19510.0,25694.0,1580.0
1675891567428840,19510.0,25694.0,1580.0
1675891567443840,19487.0,25679.0,1614.0
1675891567455840,19487.0,25679.0,1614.0
1675891567467840,19487.0,25679.0,1614.0
1675891567483839,19496.0,25664.0,1603.0
1675891567495839,19496.0,25664.0,1603.0
1675891567507839,19496.0,25664.0,1603.0
1675891567523839,19514.0,25687.0,1594.0
1675891567535839,19514.0,25687.0,1594.0
1675891567547839,19514.0,25687.0,1594.0
1675891567563839,19520.0,25676.0,1589.0
1675891567575839,19520.0,25676.0,1589.0
1675891567587839,19520.0,25676.0,1589.0
1675891567603839,19499.0,25721.0,1602.0
1675891567615839,19499.0,25721.0,1602.0
1675891567627839,19499.0,25721.0,1602.0
1675891567643839,19502.0,25692.0,1599.0
1675891567655840,19502.0,25692.0,1599.0
1675891567667840,19502.0,25692.0,1599.0
1675891567683840,19506.0,25679.0,1592.0
1675891567695840,19506.0,25679.0,1592.0
1675891567707840,19506.0,25679.0,1592.0
1675891567723839,19488.0,25687.0,1561.0
1675891567735839,19488.0,25687.0,1561.0
1675891567747839,19488.0,25687.0,1561.0
1675891567763839,19516.0,25673.0,1577.0
1675891567775839,19516.0,25673.0,1577.0
1675891567787839,19516.0,25673.0,1577.0
1675891567803839,19508.0,25690.0,1571.0
1675891567815839,19508.0,25690.0,1571.0
1675891567827839,19508.0,25690.0,1571.0
1675891567843839,19504.0,25658.0,1597.0
1675891567855839,19504.0,25658.0,1597.0
1675891567867839,19504.0,25658.0,1597.0
1675891567883839,19512.0,25656.0,1616.0
1675891567895840,19512.0,25656.0,1616.0
1675891567907840,19512.0,25656.0,1616.0
1675891567924840,19493.0,25681.0,1592.0
1675891567936840,19493.0,25681.0,1592.0
1675891567948840,19493.0,25681.0,1592.0
1675891567964839,19503.0,25670.0,1584.0
1675891567976839,19503.0,25670.0,1584.0
1675891567988839,19503.0,25670.0,1584.0
1675891568004839,19519.0,25673.0,1583.0
1675891568016839,19519.0,25673.0,1583.0
1675891568028839,19519.0,25673.0,1583.0
1675891568044839,19477.0,25674.0,1582.0
1675891568056839,19477.0,25674.0,1582.0
1675891568068839,19477.0,25674.0,1582.0
1675891568084839,19505.0,25665.0,1573.0
1675891568096839,19505.0,25665.0,1573.0
1675891568108839,19505.0,25665.0,1573.0
1675891568124839,19477.0,25666.0,1579.0
1675891568136839,19477.0,25666.0,1579.0
1675891568148840,19477.0,25666.0,1579.0
1675891568164840,19485.0,25682.0,1570.0
1675891568175840,19485.0,25682.0,1570.0
1675891568187840,19485.0,25682.0,1570.0
1675891568204839,19496.0,25717.0,1558.0
1675891568216839,19496.0,25717.0,1558.0
1675891568228839,19496.0,25717.0,1558.0
1675891568243839,19494.0,25635.0,1586.0
1675891568255839,19494.0,25635.0,1586.0
1675891568267839,19494.0,25635.0,1586.0
1675891568283839,19490.0,25687.0,1584.0
1675891568295839,19490.0,25687.0,1584.0
1675891568307839,19490.0,25687.0,1584.0
1675891568323839,19472.0,25680.0,1595.0
1675891568335839,19472.0,25680.0,1595.0
1675891568347839,19472.0,25680.0,1595.0
1675891568363839,19494.0,25660.0,1585.0
1675891568375840,19494.0,25660.0,1585.0
1675891568387840,19494.0,25660.0,1585.0
1675891568403840,19519.0,25664.0,1575.0
1675891568415840,19519.0,25664.0,1575.0
1675891568426840,19519.0,25664.0,1575.0
1675891568443839,19495.0,25665.0,1581.0
1675891568455839,19495.0,25665.0,1581.0
1675891568467839,19495.0,25665.0,1581.0
1675891568483839,19495.0,25669.0,1578.0
1675891568495839,19495.0,25669.0,1578.0
1675891568507839,19495.0,25669.0,1578.0
1675891568523839,19483.0,25674.0,1605.0
1675891568535839,19483.0,25674.0,1605.0
1675891568547839,19483.0,25674.0,1605.0
1675891568563839,19439.0,25656.0,1582.0
1675891568575839,19439.0,25656.0,1582.0
1675891568587839,19439.0,25656.0,1582.0
1675891568603839,19493.0,25693.0,1569.0
1675891568615840,19493.0,25693.0,1569.0
1675891568627840,19493.0,25693.0,1569.0
1675891568643840,19487.0,25678.0,1603.0
1675891568655840,19487.0,25678.0,1603.0
1675891568667840,19487.0,25678.0,1603.0
1675891568683839,19509.0,25652.0,1592.0
1675891568695839,19509.0,25652.0,1592.0
1675891568707839,19509.0,25652.0,1592.0
1675891568723839,19494.0,25660.0,1575.0
1675891568735839,19494.0,25660.0,1575.0
1675891568747839,19494.0,25660.0,1575.0
1675891568763839,19477.0,25654.0,1591.0
1675891568775839,19477.0,25654.0,1591.0
1675891568787839,19477.0,25654.0,1591.0
1675891568803839,19482.0,25675.0,1591.0
1675891568815839,19482.0,25675.0,1591.0
1675891568827839,19482.0,25675.0,1591.0
1675891568843840,19500.0,25670.0,1592.0
1675891568855840,19500.0,25670.0,1592.0
1675891568867840,19500.0,25670.0,1592.0
1675891568883840,19498.0,25668.0,1596.0
1675891568895840,19498.0,25668.0,1596.0
1675891568907840,19498.0,25668.0,1596.0
1675891568924839,19492.0,25665.0,1599.0
1675891568936839,19492.0,25665.0,1599.0
1675891568948839,19492.0,25665.0,1599.0
1675891568964839,19460.0,25662.0,1595.0
1675891568976839,19460.0,25662.0,1595.0
1675891568988839,19460.0,25662.0,1595.0
1675891569004839,19483.0,25670.0,1589.0
1675891569016839,19483.0,25670.0,1589.0
1675891569028839,19483.0,25670.0,1589.0
1675891569044839,19472.0,25643.0,1589.0
1675891569056839,19472.0,25643.0,1589.0
1675891569068839,19472.0,25643.0,1589.0
1675891569083840,19470.0,25661.0,1600.0
1675891569095840,19470.0,25661.0,1600.0
1675891569107840,19470.0,25661.0,1600.0
1675891569123840,19482.0,25653.0,1580.0
1675891569134840,19482.0,25653.0,1580.0
1675891569146840,19482.0,25653.0,1580.0
1675891569163839,19509.0,25645.0,1611.0
1675891569175839,19509.0,25645.0,1611.0
1675891569187839,19509.0,25645.0,1611.0
1675891569203839,19504.0,25648.0,1597.0
1675891569215839,19504.0,25648.0,1597.0
1675891569227839,19504.0,25648.0,1597.0
1675891569243839,19470.0,25662.0,1589.0
1675891569255839,19470.0,25662.0,1589.0
1675891569267839,19470.0,25662.0,1589.0
1675891569283839,19478.0,25658.0,1579.0
1675891569295839,19478.0,25658.0,1579.0
1675891569307839,19478.0,25658.0,1579.0
1675891569323840,19462.0,25630.0,1597.0
1675891569335840,19462.0,25630.0,1597.0
1675891569347840,19462.0,25630.0,1597.0
1675891569363840,19489.0,25633.0,1576.0
1675891569375840,19489.0,25633.0,1576.0
1675891569387840,19489.0,25633.0,1576.0
1675891569403839,19465.0,25672.0,1591.0
1675891569415839,19465.0,25672.0,1591.0
1675891569426839,19465.0,25672.0,1591.0
1675891569443839,19514.0,25649.0,1604.0
1675891569455839,19514.0,25649.0,1604.0
1675891569467839,19514.0,25649.0,1604.0
1675891569483839,19461.0,25627.0,1593.0
1675891569495839,19461.0,25627.0,1593.0
1675891569507839,19461.0,25627.0,1593.0
1675891569523839,19509.0,25668.0,1574.0
1675891569535839,19509.0,25668.0,1574.0
1675891569547839,19509.0,25668.0,1574.0
1675891569563839,19477.0,25649.0,1626.0
1675891569575839,19477.0,25649.0,1626.0
1675891569587839,19477.0,25649.0,1626.0
1675891569603839,19484.0,25642.0,1588.0
1675891569615840,19484.0,25642.0,1588.0
1675891569627840,19484.0,25642.0,1588.0
1675891569643839,19468.0,25644.0,1615.0
1675891569655839,19468.0,25644.0,1615.0
1675891569667839,19468.0,25644.0,1615.0
1675891569683839,19469.0,25645.0,1574.0
1675891569695839,19469.0,25645.0,1574.0
1675891569707839,19469.0,25645.0,1574.0
1675891569723839,19475.0,25656.0,1602.0
1675891569735839,19475.0,25656.0,1602.0
1675891569747839,19475.0,25656.0,1602.0
1675891569763839,19491.0,25634.0,1590.0
1675891569775839,19491.0,25634.0,1590.0
1675891569787840,19491.0,25634.0,1590.0
1675891569803840,19467.0,25627.0,1566.0
1675891569815840,19467.0,25627.0,1566.0
1675891569827840,19467.0,25627.0,1566.0
1675891569843840,19473.0,25665.0,1596.0
1675891569855840,19473.0,25665.0,1596.0
1675891569867840,19473.0,25665.0,1596.0
1675891569883839,19467.0,25640.0,1609.0
1675891569895839,19467.0,25640.0,1609.0
1675891569907839,19467.0,25640.0,1609.0
1675891569924839,19453.0,25636.0,1575.0
1675891569936839,19453.0,25636.0,1575.0
1675891569948839,19453.0,25636.0,1575.0
1675891569963839,19485.0,25659.0,1572.0
1675891569975839,19485.0,25659.0,1572.0
1675891569987839,19485.0,25659.0,1572.0
1675891570003839,19453.0,25648.0,1598.0
1675891570015839,19453.0,25648.0,1598.0
1675891570027840,19453.0,25648.0,1598.0
1675891570043840,19489.0,25659.0,1586.0
1675891570055840,19489.0,25659.0,1586.0
1675891570067840,19489.0,25659.0,1586.0
1675891570083840,19497.0,25657.0,1585.0
1675891570095840,19497.0,25657.0,1585.0
1675891570107840,19497.0,25657.0,1585.0
1675891570123839,19484.0,25641.0,1580.0
1675891570134839,19484.0,25641.0,1580.0
1675891570146839,19484.0,25641.0,1580.0
1675891570163839,19488.0,25658.0,1608.0
1675891570175839,19488.0,25658.0,1608.0
1675891570187839,19488.0,25658.0,1608.0
1675891570203839,19441.0,25652.0,1581.0
1675891570215839,19441.0,25652.0,1581.0
1675891570227839,19441.0,25652.0,1581.0
1675891570243839,19465.0,25661.0,1608.0
1675891570255839,19465.0,25661.0,1608.0
1675891570267839,19465.0,25661.0,1608.0
1675891570283839,19467.0,25611.0,1599.0
1675891570295839,19467.0,25611.0,1599.0
1675891570307839,19467.0,25611.0,1599.0
1675891570323840,19495.0,25655.0,1597.0
1675891570335840,19495.0,25655.0,1597.0
1675891570347840,19495.0,25655.0,1597.0
1675891570363839,19437.0,25604.0,1581.0
1675891570375839,19437.0,25604.0,1581.0
1675891570387839,19437.0,25604.0,1581.0
1675891570403839,19488.0,25652.0,1606.0
1675891570415839,19488.0,25652.0,1606.0
1675891570426839,19488.0,25652.0,1606.0
1675891570443839,19447.0,25644.0,1570.0
1675891570455839,19447.0,25644.0,1570.0
1675891570467839,19447.0,25644.0,1570.0
1675891570483839,19492.0,25629.0,1588.0
1675891570495839,19492.0,25629.0,1588.0
1675891570507839,19492.0,25629.0,1588.0
1675891570523839,19496.0,25644.0,1587.0
1675891570535839,19496.0,25644.0,1587.0
1675891570547840,19496.0,25644.0,1587.0
1675891570563840,19468.0,25664.0,1591.0
1675891570575840,19468.0,25664.0,1591.0
1675891570587840,19468.0,25664.0,1591.0
1675891570603839,19472.0,25611.0,1595.0
1675891570615839,19472.0,25611.0,1595.0
1675891570627839,19472.0,25611.0,1595.0
1675891570643839,19490.0,25668.0,1604.0
1675891570655839,19490.0,25668.0,1604.0
1675891570667839,19490.0,25668.0,1604.0
1675891570683839,19466.0,25628.0,1606.0
1675891570695839,19466.0,25628.0,1606.0
1675891570707839,19466.0,25628.0,1606.0
1675891570723839,19439.0,25630.0,1611.0
1675891570735839,19439.0,25630.0,1611.0
1675891570747840,19439.0,25630.0,1611.0
1675891570763840,19466.0,25663.0,1587.0
1675891570775840,19466.0,25663.0,1587.0
1675891570787840,19466.0,25663.0,1587.0
1675891570802840,19469.0,25628.0,1579.0
1675891570814840,19469.0,25628.0,1579.0
1675891570826840,19469.0,25628.0,1579.0
1675891570842839,19471.0,25647.0,1590.0
1675891570854839,19471.0,25647.0,1590.0
1675891570866839,19471.0,25647.0,1590.0
1675891570883839,19466.0,25638.0,1577.0
1675891570895839,19466.0,25638.0,1577.0
1675891570907839,19466.0,25638.0,1577.0
1675891570923839,19450.0,25658.0,1583.0
1675891570935839,19450.0,25658.0,1583.0
1675891570947839,19450.0,25658.0,1583.0
1675891570963839,19457.0,25622.0,1601.0
1675891570975839,19457.0,25622.0,1601.0
1675891570987839,19457.0,25622.0,1601.0
1675891571003839,19446.0,25655.0,1589.0
1675891571015839,19446.0,25655.0,1589.0
1675891571027840,19446.0,25655.0,1589.0
1675891571043840,19459.0,25636.0,1586.0
1675891571055840,19459.0,25636.0,1586.0
1675891571067840,19459.0,25636.0,1586.0
1675891571083839,19435.0,25636.0,1595.0
1675891571095839,19435.0,25636.0,1595.0
1675891571107839,19435.0,25636.0,1595.0
1675891571123839,19461.0,25628.0,1588.0
1675891571134839,19461.0,25628.0,1588.0
1675891571146839,19461.0,25628.0,1588.0
1675891571163839,19456.0,25632.0,1598.0
1675891571175839,19456.0,25632.0,1598.0
1675891571187839,19456.0,25632.0,1598.0
1675891571203839,19467.0,25635.0,1581.0
1675891571215839,19467.0,25635.0,1581.0
1675891571227839,19467.0,25635.0,1581.0
1675891571243839,19486.0,25619.0,1591.0
1675891571255839,19486.0,25619.0,1591.0
1675891571267839,19486.0,25619.0,1591.0
1675891571283839,19475.0,25644.0,1574.0
1675891571295839,19475.0,25644.0,1574.0
1675891571307839,19475.0,25644.0,1574.0
1675891571323839,19445.0,25653.0,1583.0
1675891571335839,19445.0,25653.0,1583.0
1675891571347839,19445.0,25653.0,1583.0
1675891571363839,19481.0,25621.0,1568.0
1675891571375839,19481.0,25621.0,1568.0
1675891571387839,19481.0,25621.0,1568.0
1675891571403839,19462.0,25644.0,1587.0
1675891571415839,19462.0,25644.0,1587.0
1675891571426839,19462.0,25644.0,1587.0
1675891571443839,19446.0,25637.0,1583.0
1675891571455839,19446.0,25637.0,1583.0
1675891571467839,19446.0,25637.0,1583.0
1675891571483839,19476.0,25678.0,1589.0
1675891571495839,19476.0,25678.0,1589.0
1675891571507839,19476.0,25678.0,1589.0
1675891571523839,19471.0,25618.0,1606.0
1675891571535839,19471.0,25618.0,1606.0
1675891571547840,19471.0,25618.0,1606.0
1675891571563839,19471.0,25623.0,1575.0
1675891571575839,19471.0,25623.0,1575.0
1675891571587839,19471.0,25623.0,1575.0
1675891571603839,19460.0,25617.0,1626.0
1675891571615839,19460.0,25617.0,1626.0
1675891571627839,19460.0,25617.0,1626.0
1675891571642839,19467.0,25635.0,1573.0
1675891571654839,19467.0,25635.0,1573.0
1675891571666839,19467.0,25635.0,1573.0
1675891571682839,19460.0,25638.0,1585.0
1675891571694839,19460.0,25638.0,1585.0
1675891571706839,19460.0,25638.0,1585.0
1675891571722839,19471.0,25638.0,1613.0
1675891571734840,19471.0,25638.0,1613.0
1675891571746840,19471.0,25638.0,1613.0
1675891571762840,19450.0,25649.0,1580.0
1675891571774840,19450.0,25649.0,1580.0
1675891571786840,19450.0,25649.0,1580.0
1675891571802839,19414.0,25567.0,1562.0
1675891571814839,19414.0,25567.0,1562.0
1675891571826839,19414.0,25567.0,1562.0
1675891571842839,19473.0,25649.0,1598.0
1675891571854839,19473.0,25649.0,1598.0
1675891571866839,19473.0,25649.0,1598.0
1675891571883839,19436.0,25590.0,1575.0
1675891571895839,19436.0,25590.0,1575.0
1675891571907839,19436.0,25590.0,1575.0
1675891571923839,19483.0,25638.0,1585.0
1675891571935839,19483.0,25638.0,1585.0
1675891571947839,19483.0,25638.0,1585.0
1675891571963839,19443.0,25631.0,1590.0
1675891571975839,19443.0,25631.0,1590.0
1675891571987840,19443.0,25631.0,1590.0
1675891572003840,19447.0,25611.0,1597.0
1675891572015840,19447.0,25611.0,1597.0
1675891572027840,19447.0,25611.0,1597.0
1675891572043839,19471.0,25606.0,1601.0
1675891572055839,19471.0,25606.0,1601.0
1675891572067839,19471.0,25606.0,1601.0
1675891572083839,19465.0,25621.0,1582.0
1675891572095839,19465.0,25621.0,1582.0
1675891572107839,19465.0,25621.0,1582.0
1675891572123839,19450.0,25616.0,1579.0
1675891572134839,19450.0,25616.0,1579.0
1675891572146839,19450.0,25616.0,1579.0
1675891572163839,19456.0,25613.0,1584.0
1675891572175839,19456.0,25613.0,1584.0
1675891572187839,19456.0,25613.0,1584.0
1675891572203839,19455.0,25598.0,1608.0
1675891572215839,19455.0,25598.0,1608.0
1675891572227839,19455.0,25598.0,1608.0
1675891572243839,19477.0,25612.0,1600.0
1675891572255839,19477.0,25612.0,1600.0
1675891572267840,19477.0,25612.0,1600.0
1675891572283839,19434.0,25609.0,1597.0
1675891572295839,19434.0,25609.0,1597.0
1675891572307839,19434.0,25609.0,1597.0
1675891572323839,19477.0,25642.0,1619.0
1675891572335839,19477.0,25642.0,1619.0
1675891572347839,19477.0,25642.0,1619.0
1675891572363839,19454.0,25614.0,1599.0
1675891572375839,19454.0,25614.0,1599.0
1675891572387839,19454.0,25614.0,1599.0
1675891572403839,19479.0,25648.0,1593.0
1675891572415839,19479.0,25648.0,1593.0
1675891572426839,19479.0,25648.0,1593.0
1675891572443839,19456.0,25630.0,1578.0
1675891572455839,19456.0,25630.0,1578.0
1675891572467839,19456.0,25630.0,1578.0
1675891572483839,19482.0,25621.0,1623.0
1675891572495839,19482.0,25621.0,1623.0
1675891572507840,19482.0,25621.0,1623.0
1675891572522839,19453.0,25612.0,1587.0
1675891572534839,19453.0,25612.0,1587.0
1675891572546839,19453.0,25612.0,1587.0
1675891572562839,19447.0,25651.0,1591.0
1675891572574839,19447.0,25651.0,1591.0
1675891572586839,19447.0,25651.0,1591.0
1675891572602839,19465.0,25614.0,1598.0
1675891572614839,19465.0,25614.0,1598.0
1675891572626839,19465.0,25614.0,1598.0
1675891572642839,19443.0,25606.0,1606.0
1675891572654839,19443.0,25606.0,1606.0
1675891572666839,19443.0,25606.0,1606.0
1675891572682839,19459.0,25600.0,1604.0
1675891572694840,19459.0,25600.0,1604.0
1675891572706840,19459.0,25600.0,1604.0
1675891572722840,19456.0,25630.0,1589.0
1675891572734840,19456.0,25630.0,1589.0
1675891572746840,19456.0,25630.0,1589.0
1675891572762839,19476.0,25620.0,1584.0
1675891572774839,19476.0,25620.0,1584.0
1675891572786839,19476.0,25620.0,1584.0
1675891572802839,19452.0,25633.0,1591.0
1675891572814839,19452.0,25633.0,1591.0
1675891572826839,19452.0,25633.0,1591.0
1675891572842839,19452.0,25622.0,1579.0
1675891572854839,19452.0,25622.0,1579.0
1675891572866839,19452.0,25622.0,1579.0
1675891572883839,19435.0,25593.0,1591.0
1675891572895839,19435.0,25593.0,1591.0
1675891572907839,19435.0,25593.0,1591.0
1675891572923839,19469.0,25601.0,1588.0
1675891572935840,19469.0,25601.0,1588.0
1675891572947840,19469.0,25601.0,1588.0
1675891572963840,19456.0,25620.0,1610.0
1675891572975840,19456.0,25620.0,1610.0
1675891572987840,19456.0,25620.0,1610.0
1675891573003839,19474.0,25614.0,1584.0
1675891573015839,19474.0,25614.0,1584.0
1675891573027839,19474.0,25614.0,1584.0
1675891573043839,19441.0,25628.0,1587.0
1675891573055839,19441.0,25628.0,1587.0
1675891573067839,19441.0,25628.0,1587.0
1675891573083839,19463.0,25627.0,1607.0
1675891573095839,19463.0,25627.0,1607.0
1675891573107839,19463.0,25627.0,1607.0
1675891573123839,19449.0,25615.0,1599.0
1675891573134839,19449.0,25615.0,1599.0
1675891573146839,19449.0,25615.0,1599.0
1675891573163839,19459.0,25616.0,1568.0
1675891573175839,19459.0,25616.0,1568.0
1675891573187839,19459.0,25616.0,1568.0
1675891573203839,19459.0,25635.0,1562.0
1675891573215839,19459.0,25635.0,1562.0
1675891573227840,19459.0,25635.0,1562.0
1675891573243839,19454.0,25607.0,1618.0
1675891573255839,19454.0,25607.0,1618.0
1675891573267839,19454.0,25607.0,1618.0
1675891573283839,19448.0,25627.0,1586.0
1675891573295839,19448.0,25627.0,1586.0
1675891573307839,19448.0,25627.0,1586.0
1675891573323839,19465.0,25618.0,1584.0
1675891573335839,19465.0,25618.0,1584.0
1675891573347839,19465.0,25618.0,1584.0
1675891573362839,19439.0,25605.0,1564.0
1675891573374839,19439.0,25605.0,1564.0
1675891573386839,19439.0,25605.0,1564.0
1675891573402840,19444.0,25602.0,1610.0
1675891573414840,19444.0,25602.0,1610.0
1675891573425840,19444.0,25602.0,1610.0
1675891573442839,19450.0,25655.0,1612.0
1675891573454840,19450.0,25655.0,1612.0
1675891573466840,19450.0,25655.0,1612.0
1675891573482839,19445.0,25603.0,1579.0
1675891573494839,19445.0,25603.0,1579.0
1675891573506839,19445.0,25603.0,1579.0
1675891573522839,19474.0,25572.0,1601.0
1675891573534839,19474.0,25572.0,1601.0
1675891573546839,19474.0,25572.0,1601.0
1675891573562839,19457.0,25611.0,1595.0
1675891573574839,19457.0,25611.0,1595.0
1675891573586839,19457.0,25611.0,1595.0
1675891573602839,19462.0,25612.0,1602.0
1675891573614839,19462.0,25612.0,1602.0
1675891573626840,19462.0,25612.0,1602.0
1675891573642840,19454.0,25627.0,1589.0
1675891573654840,19454.0,25627.0,1589.0
1675891573666840,19454.0,25627.0,1589.0
1675891573682840,19445.0,25612.0,1599.0
1675891573694840,19445.0,25612.0,1599.0
1675891573706840,19445.0,25612.0,1599.0
1675891573722839,19453.0,25617.0,1584.0
1675891573734839,19453.0,25617.0,1584.0
1675891573746839,19453.0,25617.0,1584.0
1675891573762839,19441.0,25603.0,1601.0
1675891573774839,19441.0,25603.0,1601.0
1675891573786839,19441.0,25603.0,1601.0
1675891573802839,19440.0,25589.0,1575.0
1675891573814839,19440.0,25589.0,1575.0
1675891573826839,19440.0,25589.0,1575.0
1675891573842839,19440.0,25579.0,1569.0
1675891573854839,19440.0,25579.0,1569.0
1675891573866840,19440.0,25579.0,1569.0
1675891573883839,19438.0,25614.0,1555.0
1675891573895840,19438.0,25614.0,1555.0
1675891573907840,19438.0,25614.0,1555.0
1675891573923840,19465.0,25613.0,1571.0
1675891573935840,19465.0,25613.0,1571.0
1675891573947840,19465.0,25613.0,1571.0
1675891573963839,19442.0,25595.0,1603.0
1675891573975839,19442.0,25595.0,1603.0
1675891573987839,19442.0,25595.0,1603.0
1675891574003839,19450.0,25606.0,1618.0
1675891574015839,19450.0,25606.0,1618.0
1675891574027839,19450.0,25606.0,1618.0
1675891574043839,19437.0,25613.0,1568.0
1675891574055839,19437.0,25613.0,1568.0
1675891574067839,19437.0,25613.0,1568.0
1675891574083839,19438.0,25622.0,1598.0
1675891574095839,19438.0,25622.0,1598.0
1675891574107839,19438.0,25622.0,1598.0
1675891574123839,19458.0,25587.0,1592.0
1675891574134839,19458.0,25587.0,1592.0
1675891574146839,19458.0,25587.0,1592.0
1675891574163839,19441.0,25601.0,1599.0
1675891574175840,19441.0,25601.0,1599.0
1675891574187840,19441.0,25601.0,1599.0
1675891574203839,19454.0,25581.0,1599.0
1675891574215839,19454.0,25581.0,1599.0
1675891574227839,19454.0,25581.0,1599.0
1675891574242839,19415.0,25651.0,1601.0
1675891574254839,19415.0,25651.0,1601.0
1675891574266839,19415.0,25651.0,1601.0
1675891574282839,19464.0,25610.0,1580.0
1675891574294839,19464.0,25610.0,1580.0
1675891574306839,19464.0,25610.0,1580.0
1675891574322839,19458.0,25591.0,1582.0
1675891574334839,19458.0,25591.0,1582.0
1675891574346840,19458.0,25591.0,1582.0
1675891574362840,19456.0,25595.0,1553.0
1675891574374840,19456.0,25595.0,1553.0
1675891574386840,19456.0,25595.0,1553.0
1675891574402840,19474.0,25616.0,1606.0
1675891574414840,19474.0,25616.0,1606.0
1675891574425840,19474.0,25616.0,1606.0
1675891574442839,19465.0,25600.0,1599.0
1675891574454839,19465.0,25600.0,1599.0
1675891574466839,19465.0,25600.0,1599.0
1675891574482839,19456.0,25622.0,1593.0
1675891574494839,19456.0,25622.0,1593.0
1675891574506839,19456.0,25622.0,1593.0
1675891574522839,19438.0,25602.0,1599.0
1675891574534839,19438.0,25602.0,1599.0
1675891574546839,19438.0,25602.0,1599.0
1675891574562839,19453.0,25628.0,1566.0
1675891574574839,19453.0,25628.0,1566.0
1675891574586840,19453.0,25628.0,1566.0
1675891574602840,19429.0,25578.0,1569.0
1675891574614840,19429.0,25578.0,1569.0
1675891574626840,19429.0,25578.0,1569.0
1675891574642840,19474.0,25598.0,1584.0
1675891574654840,19474.0,25598.0,1584.0
1675891574666840,19474.0,25598.0,1584.0
1675891574682839,19450.0,25581.0,1585.0
1675891574694839,19450.0,25581.0,1585.0
1675891574706839,19450.0,25581.0,1585.0
1675891574722839,19473.0,25609.0,1567.0
1675891574734839,19473.0,25609.0,1567.0
1675891574746839,19473.0,25609.0,1567.0
1675891574762839,19438.0,25581.0,1587.0
1675891574774839,19438.0,25581.0,1587.0
1675891574786839,19438.0,25581.0,1587.0
1675891574802839,19451.0,25594.0,1614.0
1675891574814839,19451.0,25594.0,1614.0
1675891574826840,19451.0,25594.0,1614.0
1675891574842840,19454.0,25586.0,1597.0
1675891574854840,19454.0,25586.0,1597.0
1675891574866840,19454.0,25586.0,1597.0
1675891574883840,19447.0,25621.0,1604.0
1675891574895840,19447.0,25621.0,1604.0
1675891574907840,19447.0,25621.0,1604.0
1675891574923839,19421.0,25611.0,1598.0
1675891574935839,19421.0,25611.0,1598.0
1675891574947839,19421.0,25611.0,1598.0
1675891574963839,19445.0,25620.0,1601.0
1675891574975839,19445.0,25620.0,1601.0
1675891574987839,19445.0,25620.0,1601.0
1675891575003839,19429.0,25582.0,1561.0
1675891575015839,19429.0,25582.0,1561.0
1675891575027839,19429.0,25582.0,1561.0
1675891575043839,19432.0,25583.0,1610.0
1675891575055839,19432.0,25583.0,1610.0
1675891575067839,19432.0,25583.0,1610.0
1675891575083840,19452.0,25612.0,1560.0
1675891575095840,19452.0,25612.0,1560.0
1675891575107840,19452.0,25612.0,1560.0
1675891575122840,19428.0,25590.0,1587.0
1675891575133840,19428.0,25590.0,1587.0
1675891575145840,19428.0,25590.0,1587.0
1675891575163839,19453.0,25610.0,1598.0
1675891575175839,19453.0,25610.0,1598.0
1675891575187839,19453.0,25610.0,1598.0
1675891575202839,19442.0,25586.0,1612.0
1675891575214839,19442.0,25586.0,1612.0
1675891575226839,19442.0,25586.0,1612.0
1675891575242839,19471.0,25627.0,1600.0
1675891575254839,19471.0,25627.0,1600.0
1675891575266839,19471.0,25627.0,1600.0
1675891575282839,19388.0,25548.0,1582.0
1675891575294839,19388.0,25548.0,1582.0
1675891575306840,19388.0,25548.0,1582.0
1675891575322840,19428.0,25624.0,1578.0
1675891575334840,19428.0,25624.0,1578.0
1675891575346840,19428.0,25624.0,1578.0
1675891575362840,19450.0,25598.0,1585.0
1675891575374840,19450.0,25598.0,1585.0
1675891575386840,19450.0,25598.0,1585.0
1675891575402839,19463.0,25590.0,1574.0
1675891575414839,19463.0,25590.0,1574.0
1675891575425839,19463.0,25590.0,1574.0
1675891575442839,19441.0,25612.0,1554.0
1675891575454839,19441.0,25612.0,1554.0
1675891575466839,19441.0,25612.0,1554.0
1675891575482839,19440.0,25605.0,1571.0
1675891575494839,19440.0,25605.0,1571.0
1675891575506839,19440.0,25605.0,1571.0
1675891575522839,19468.0,25591.0,1587.0
1675891575534839,19468.0,25591.0,1587.0
1675891575546839,19468.0,25591.0,1587.0
1675891575562839,19447.0,25584.0,1593.0
1675891575574839,19447.0,25584.0,1593.0
1675891575586839,19447.0,25584.0,1593.0
1675891575602839,19432.0,25592.0,1593.0
1675891575614839,19432.0,25592.0,1593.0
1675891575626840,19432.0,25592.0,1593.0
1675891575642839,19461.0,25623.0,1587.0
1675891575654839,19461.0,25623.0,1587.0
1675891575666839,19461.0,25623.0,1587.0
1675891575682839,19440.0,25617.0,1571.0
1675891575694839,19440.0,25617.0,1571.0
1675891575706839,19440.0,25617.0,1571.0
1675891575722839,19470.0,25591.0,1607.0
1675891575734839,19470.0,25591.0,1607.0
1675891575746839,19470.0,25591.0,1607.0
1675891575762839,19437.0,25609.0,1570.0
1675891575774839,19437.0,25609.0,1570.0
1675891575786839,19437.0,25609.0,1570.0
1675891575802839,19438.0,25597.0,1584.0
1675891575814839,19438.0,25597.0,1584.0
1675891575826840,19438.0,25597.0,1584.0
1675891575842840,19466.0,25613.0,1592.0
1675891575854840,19466.0,25613.0,1592.0
1675891575866840,19466.0,25613.0,1592.0
1675891575883839,19442.0,25600.0,1609.0
1675891575895839,19442.0,25600.0,1609.0
1675891575907839,19442.0,25600.0,1609.0
1675891575923839,19452.0,25617.0,1586.0
1675891575935839,19452.0,25617.0,1586.0
1675891575947839,19452.0,25617.0,1586.0
1675891575963839,19447.0,25592.0,1568.0
1675891575975839,19447.0,25592.0,1568.0
1675891575987839,19447.0,25592.0,1568.0
1675891576003839,19454.0,25592.0,1590.0
1675891576015839,19454.0,25592.0,1590.0
1675891576027840,19454.0,25592.0,1590.0
1675891576042840,19427.0,25592.0,1592.0
1675891576054840,19427.0,25592.0,1592.0
1675891576066840,19427.0,25592.0,1592.0
1675891576082840,19440.0,25585.0,1589.0
1675891576093840,19440.0,25585.0,1589.0
1675891576105840,19440.0,25585.0,1589.0
1675891576122839,19455.0,25601.0,1589.0
1675891576133839,19455.0,25601.0,1589.0
1675891576145839,19455.0,25601.0,1589.0
1675891576162839,19448.0,25591.0,1600.0
1675891576174839,19448.0,25591.0,1600.0
1675891576186839,19448.0,25591.0,1600.0
1675891576202839,19444.0,25622.0,1579.0
1675891576214839,19444.0,25622.0,1579.0
1675891576226839,19444.0,25622.0,1579.0
1675891576242839,19429.0,25580.0,1596.0
1675891576254839,19429.0,25580.0,1596.0
1675891576266839,19429.0,25580.0,1596.0
1675891576282839,19432.0,25602.0,1596.0
1675891576294839,19432.0,25602.0,1596.0
1675891576306839,19432.0,25602.0,1596.0
1675891576322839,19466.0,25576.0,1593.0
1675891576334839,19466.0,25576.0,1593.0
1675891576346840,19466.0,25576.0,1593.0
1675891576362839,19441.0,25614.0,1573.0
1675891576374839,19441.0,25614.0,1573.0
1675891576386839,19441.0,25614.0,1573.0
1675891576402839,19436.0,25588.0,1600.0
1675891576414839,19436.0,25588.0,1600.0
1675891576425839,19436.0,25588.0,1600.0
1675891576442839,19438.0,25600.0,1603.0
1675891576454839,19438.0,25600.0,1603.0
1675891576466839,19438.0,25600.0,1603.0
1675891576482839,19415.0,25572.0,1581.0
1675891576494839,19415.0,25572.0,1581.0
1675891576506839,19415.0,25572.0,1581.0
1675891576522839,19438.0,25587.0,1560.0
1675891576534839,19438.0,25587.0,1560.0
1675891576546839,19438.0,25587.0,1560.0
1675891576562839,19446.0,25555.0,1559.0
1675891576574839,19446.0,25555.0,1559.0
1675891576586840,19446.0,25555.0,1559.0
1675891576602839,19433.0,25622.0,1605.0
1675891576614839,19433.0,25622.0,1605.0
1675891576626839,19433.0,25622.0,1605.0
1675891576642839,19429.0,25582.0,1599.0
1675891576654839,19429.0,25582.0,1599.0
1675891576666839,19429.0,25582.0,1599.0
1675891576682839,19438.0,25584.0,1590.0
1675891576694839,19438.0,25584.0,1590.0
1675891576706839,19438.0,25584.0,1590.0
1675891576722839,19446.0,25581.0,1593.0
1675891576734839,19446.0,25581.0,1593.0
1675891576746839,19446.0,25581.0,1593.0
1675891576762839,19456.0,25617.0,1569.0
1675891576774840,19456.0,25617.0,1569.0
1675891576786840,19456.0,25617.0,1569.0
1675891576802840,19441.0,25597.0,1568.0
1675891576814840,19441.0,25597.0,1568.0
1675891576826840,19441.0,25597.0,1568.0
1675891576842839,19449.0,25585.0,1588.0
1675891576854839,19449.0,25585.0,1588.0
1675891576866839,19449.0,25585.0,1588.0
1675891576883839,19425.0,25574.0,1614.0
1675891576895839,19425.0,25574.0,1614.0
1675891576907839,19425.0,25574.0,1614.0
1675891576922839,19454.0,25574.0,1584.0
1675891576934839,19454.0,25574.0,1584.0
1675891576946839,19454.0,25574.0,1584.0
1675891576962839,19462.0,25559.0,1575.0
1675891576974839,19462.0,25559.0,1575.0
1675891576986839,19462.0,25559.0,1575.0
1675891577002839,19440.0,25570.0,1615.0
1675891577014840,19440.0,25570.0,1615.0
1675891577026840,19440.0,25570.0,1615.0
1675891577042840,19441.0,25601.0,1576.0
1675891577054840,19441.0,25601.0,1576.0
1675891577066840,19441.0,25601.0,1576.0
1675891577082839,19427.0,25595.0,1601.0
1675891577093839,19427.0,25595.0,1601.0
1675891577105839,19427.0,25595.0,1601.0
1675891577122839,19411.0,25581.0,1583.0
1675891577133839,19411.0,25581.0,1583.0
1675891577145839,19411.0,25581.0,1583.0
1675891577162839,19457.0,25604.0,1616.0
1675891577174839,19457.0,25604.0,1616.0
1675891577186839,19457.0,25604.0,1616.0
1675891577202839,19455.0,25603.0,1589.0
1675891577214839,19455.0,25603.0,1589.0
1675891577226839,19455.0,25603.0,1589.0
1675891577242839,19435.0,25582.0,1581.0
1675891577254839,19435.0,25582.0,1581.0
1675891577266839,19435.0,25582.0,1581.0
1675891577282839,19428.0,25572.0,1571.0
1675891577294839,19428.0,25572.0,1571.0
1675891577306839,19428.0,25572.0,1571.0
